label,youtube_id,full_path,num_files,time_start,time_end
playing guitar,G_3kwIzNN3g,/n/fs/visualai-scr/Data/Mimetics2/playing guitar/G_3kwIzNN3g_000050_000057,210,50,57
playing guitar,NjytEC7-6Z0,/n/fs/visualai-scr/Data/Mimetics2/playing guitar/NjytEC7-6Z0_000043_000048,150,43,48
playing guitar,d0PB6JKaBro,/n/fs/visualai-scr/Data/Mimetics2/playing guitar/d0PB6JKaBro_000022_000030,200,22,30
playing guitar,BjPzEu7Phuc,/n/fs/visualai-scr/Data/Mimetics2/playing guitar/BjPzEu7Phuc_000002_000004,48,2,4
playing guitar,j8lFuauKYlg,/n/fs/visualai-scr/Data/Mimetics2/playing guitar/j8lFuauKYlg_000020_000025,120,20,25
playing guitar,TTtswoWkGQU,/n/fs/visualai-scr/Data/Mimetics2/playing guitar/TTtswoWkGQU_000149_000153,100,149,153
playing guitar,8ayeoP9Q-eY,/n/fs/visualai-scr/Data/Mimetics2/playing guitar/8ayeoP9Q-eY_000035_000040,150,35,40
playing guitar,HXldFQk7lv8,/n/fs/visualai-scr/Data/Mimetics2/playing guitar/HXldFQk7lv8_000170_000172,50,170,172
playing guitar,WQ8E-AVgcUw,/n/fs/visualai-scr/Data/Mimetics2/playing guitar/WQ8E-AVgcUw_000020_000030,250,20,30
playing guitar,kFdtIX78qn8,/n/fs/visualai-scr/Data/Mimetics2/playing guitar/kFdtIX78qn8_000065_000068,90,65,68
playing guitar,zbx22vdGsiI,/n/fs/visualai-scr/Data/Mimetics2/playing guitar/zbx22vdGsiI_000168_000170,48,168,170
playing guitar,R1dW8M4EqYY,/n/fs/visualai-scr/Data/Mimetics2/playing guitar/R1dW8M4EqYY_000156_000162,180,156,162
playing guitar,jJPCbVsrQbw,/n/fs/visualai-scr/Data/Mimetics2/playing guitar/jJPCbVsrQbw_000000_000002,60,0,2
playing guitar,E5MuJVnH8Hg,/n/fs/visualai-scr/Data/Mimetics2/playing guitar/E5MuJVnH8Hg_000023_000025,60,23,25
playing guitar,yh1JjC75YIc,/n/fs/visualai-scr/Data/Mimetics2/playing guitar/yh1JjC75YIc_000009_000011,50,9,11
playing guitar,XmoOJuF2kZ8,/n/fs/visualai-scr/Data/Mimetics2/playing guitar/XmoOJuF2kZ8_000314_000318,100,314,318
playing guitar,v3K8cu6dT9s,/n/fs/visualai-scr/Data/Mimetics2/playing guitar/v3K8cu6dT9s_000020_000030,300,20,30
playing guitar,ixBkTYPG82g,/n/fs/visualai-scr/Data/Mimetics2/playing guitar/ixBkTYPG82g_000015_000022,210,15,22
bowling,0Pxoj58NcqI,/n/fs/visualai-scr/Data/Mimetics2/bowling/0Pxoj58NcqI_000027_000030,90,27,30
bowling,RY7s2xwD5Pk,/n/fs/visualai-scr/Data/Mimetics2/bowling/RY7s2xwD5Pk_000002_000007,104,2,7
bowling,-xdBnY59MyY,/n/fs/visualai-scr/Data/Mimetics2/bowling/-xdBnY59MyY_000108_000112,100,108,112
bowling,DrhqyqLiodc,/n/fs/visualai-scr/Data/Mimetics2/bowling/DrhqyqLiodc_000066_000069,90,66,69
bowling,HpycA1NELVM,/n/fs/visualai-scr/Data/Mimetics2/bowling/HpycA1NELVM_000123_000125,60,123,125
bowling,5_R9jYis68Y,/n/fs/visualai-scr/Data/Mimetics2/bowling/5_R9jYis68Y_000021_000031,300,21,31
bowling,a9xyg4iz7KM,/n/fs/visualai-scr/Data/Mimetics2/bowling/a9xyg4iz7KM_000003_000005,60,3,5
bowling,TRcCyetKj0o,/n/fs/visualai-scr/Data/Mimetics2/bowling/TRcCyetKj0o_000051_000056,148,51,56
bowling,DrhqyqLiodc,/n/fs/visualai-scr/Data/Mimetics2/bowling/DrhqyqLiodc_000065_000066,30,65,66
bowling,HeDQh6MQ8_E,/n/fs/visualai-scr/Data/Mimetics2/bowling/HeDQh6MQ8_E_000027_000030,90,27,30
bowling,9ysdRIode6A,/n/fs/visualai-scr/Data/Mimetics2/bowling/9ysdRIode6A_000105_000108,90,105,108
bowling,DrhqyqLiodc,/n/fs/visualai-scr/Data/Mimetics2/bowling/DrhqyqLiodc_000062_000064,60,62,64
bowling,GeiX1Af9HtI,/n/fs/visualai-scr/Data/Mimetics2/bowling/GeiX1Af9HtI_000083_000093,300,83,93
playing saxophone,RKCpr9cZUBQ,/n/fs/visualai-scr/Data/Mimetics2/playing saxophone/RKCpr9cZUBQ_000015_000020,120,15,20
playing saxophone,7LTKAifeIgQ,/n/fs/visualai-scr/Data/Mimetics2/playing saxophone/7LTKAifeIgQ_000005_000015,300,5,15
playing saxophone,ouDw29KY3UM,/n/fs/visualai-scr/Data/Mimetics2/playing saxophone/ouDw29KY3UM_000011_000015,83,11,15
playing saxophone,oaNiS_tHfbE,/n/fs/visualai-scr/Data/Mimetics2/playing saxophone/oaNiS_tHfbE_000035_000039,120,35,39
playing saxophone,_wxtgv2k1c0,/n/fs/visualai-scr/Data/Mimetics2/playing saxophone/_wxtgv2k1c0_000107_000112,150,107,112
playing saxophone,9qVfAdeiq0A,/n/fs/visualai-scr/Data/Mimetics2/playing saxophone/9qVfAdeiq0A_000020_000027,210,20,27
playing saxophone,6gHz-cxfeQ8,/n/fs/visualai-scr/Data/Mimetics2/playing saxophone/6gHz-cxfeQ8_000001_000006,150,1,6
playing saxophone,J2zoY_UfNlQ,/n/fs/visualai-scr/Data/Mimetics2/playing saxophone/J2zoY_UfNlQ_000005_000015,170,5,15
playing saxophone,3gXpyjOawoM,/n/fs/visualai-scr/Data/Mimetics2/playing saxophone/3gXpyjOawoM_000025_000032,210,25,32
playing saxophone,uJ38b0KykWI,/n/fs/visualai-scr/Data/Mimetics2/playing saxophone/uJ38b0KykWI_000015_000020,150,15,20
playing saxophone,teRBvK5qvXE,/n/fs/visualai-scr/Data/Mimetics2/playing saxophone/teRBvK5qvXE_000010_000015,150,10,15
playing saxophone,ixBkTYPG82g,/n/fs/visualai-scr/Data/Mimetics2/playing saxophone/ixBkTYPG82g_000048_000053,150,48,53
playing saxophone,kfRWbynDGu8,/n/fs/visualai-scr/Data/Mimetics2/playing saxophone/kfRWbynDGu8_000096_000103,175,96,103
brushing teeth,8FtwAj8XQ7o,/n/fs/visualai-scr/Data/Mimetics2/brushing teeth/8FtwAj8XQ7o_000120_000125,125,120,125
brushing teeth,_HDQfm5f36U,/n/fs/visualai-scr/Data/Mimetics2/brushing teeth/_HDQfm5f36U_000037_000042,150,37,42
brushing teeth,4XlPCuCEfUg,/n/fs/visualai-scr/Data/Mimetics2/brushing teeth/4XlPCuCEfUg_000058_000060,42,58,60
brushing teeth,2OYAboBWNRc,/n/fs/visualai-scr/Data/Mimetics2/brushing teeth/2OYAboBWNRc_000059_000069,299,59,69
brushing teeth,xyXEdjivNDU,/n/fs/visualai-scr/Data/Mimetics2/brushing teeth/xyXEdjivNDU_000051_000055,120,51,55
brushing teeth,SZ44v1ejnac,/n/fs/visualai-scr/Data/Mimetics2/brushing teeth/SZ44v1ejnac_000019_000029,300,19,29
brushing teeth,n7ew4qIamfA,/n/fs/visualai-scr/Data/Mimetics2/brushing teeth/n7ew4qIamfA_000047_000052,125,47,52
brushing teeth,1lukUCL5pS4,/n/fs/visualai-scr/Data/Mimetics2/brushing teeth/1lukUCL5pS4_000091_000101,300,91,101
brushing teeth,5CV-aGIS00w,/n/fs/visualai-scr/Data/Mimetics2/brushing teeth/5CV-aGIS00w_000144_000147,90,144,147
brushing teeth,a5SMXR1BUL0,/n/fs/visualai-scr/Data/Mimetics2/brushing teeth/a5SMXR1BUL0_000010_000020,150,10,20
brushing teeth,yyTJQN_e1q0,/n/fs/visualai-scr/Data/Mimetics2/brushing teeth/yyTJQN_e1q0_000010_000017,210,10,17
brushing teeth,Es0RP4KFhxM,/n/fs/visualai-scr/Data/Mimetics2/brushing teeth/Es0RP4KFhxM_000010_000013,90,10,13
brushing teeth,TBdnqWOtY-o,/n/fs/visualai-scr/Data/Mimetics2/brushing teeth/TBdnqWOtY-o_000000_000008,240,0,8
brushing teeth,x9I8pjBmX28,/n/fs/visualai-scr/Data/Mimetics2/brushing teeth/x9I8pjBmX28_000020_000023,90,20,23
brushing teeth,MNj1VOYinX0,/n/fs/visualai-scr/Data/Mimetics2/brushing teeth/MNj1VOYinX0_000044_000047,90,44,47
playing basketball,L4lqtPwU5vY,/n/fs/visualai-scr/Data/Mimetics2/playing basketball/L4lqtPwU5vY_000095_000096,30,95,96
playing basketball,JwkAbfty5p8,/n/fs/visualai-scr/Data/Mimetics2/playing basketball/JwkAbfty5p8_000019_000025,180,19,25
playing basketball,YfTcVAUWc74,/n/fs/visualai-scr/Data/Mimetics2/playing basketball/YfTcVAUWc74_000001_000003,60,1,3
playing basketball,nrlWz4aIkRI,/n/fs/visualai-scr/Data/Mimetics2/playing basketball/nrlWz4aIkRI_000000_000003,90,0,3
playing basketball,7zzLN3ZNQEI,/n/fs/visualai-scr/Data/Mimetics2/playing basketball/7zzLN3ZNQEI_000000_000010,150,0,10
playing basketball,vNUcBRjaboo,/n/fs/visualai-scr/Data/Mimetics2/playing basketball/vNUcBRjaboo_000022_000027,75,22,27
playing basketball,RVlKVMy-oxI,/n/fs/visualai-scr/Data/Mimetics2/playing basketball/RVlKVMy-oxI_000178_000181,75,178,181
playing basketball,xNeghXu6ZS4,/n/fs/visualai-scr/Data/Mimetics2/playing basketball/xNeghXu6ZS4_000002_000007,150,2,7
playing basketball,gW2qYxCB-0g,/n/fs/visualai-scr/Data/Mimetics2/playing basketball/gW2qYxCB-0g_000004_000006,60,4,6
playing basketball,xv60PJOPVgg,/n/fs/visualai-scr/Data/Mimetics2/playing basketball/xv60PJOPVgg_000003_000009,180,3,9
playing basketball,eMXo3QIsFQo,/n/fs/visualai-scr/Data/Mimetics2/playing basketball/eMXo3QIsFQo_000084_000089,125,84,89
playing basketball,lhuGcGu3-7E,/n/fs/visualai-scr/Data/Mimetics2/playing basketball/lhuGcGu3-7E_000003_000013,300,3,13
playing basketball,L4lqtPwU5vY,/n/fs/visualai-scr/Data/Mimetics2/playing basketball/L4lqtPwU5vY_000081_000086,150,81,86
playing basketball,g7qQK6Qxi3U,/n/fs/visualai-scr/Data/Mimetics2/playing basketball/g7qQK6Qxi3U_000012_000017,145,12,17
tying tie,5CV-aGIS00w,/n/fs/visualai-scr/Data/Mimetics2/tying tie/5CV-aGIS00w_000077_000079,60,77,79
tying tie,nPCH31K5ISg,/n/fs/visualai-scr/Data/Mimetics2/tying tie/nPCH31K5ISg_000009_000013,120,9,13
tying tie,8FtwAj8XQ7o,/n/fs/visualai-scr/Data/Mimetics2/tying tie/8FtwAj8XQ7o_000230_000240,250,230,240
tying tie,ZsoPVDvWzLA,/n/fs/visualai-scr/Data/Mimetics2/tying tie/ZsoPVDvWzLA_000019_000029,250,19,29
tying tie,JPBjBflm7V4,/n/fs/visualai-scr/Data/Mimetics2/tying tie/JPBjBflm7V4_000052_000054,50,52,54
tying tie,COppfZLpk-8,/n/fs/visualai-scr/Data/Mimetics2/tying tie/COppfZLpk-8_000205_000208,75,205,208
tying tie,dbPOVCeb8dU,/n/fs/visualai-scr/Data/Mimetics2/tying tie/dbPOVCeb8dU_000283_000284,25,283,284
tying tie,ktaZ7IRhifs,/n/fs/visualai-scr/Data/Mimetics2/tying tie/ktaZ7IRhifs_000020_000024,100,20,24
skiing slalom,Q4vDfKGz52Y,/n/fs/visualai-scr/Data/Mimetics2/skiing slalom/Q4vDfKGz52Y_000005_000010,150,5,10
skiing slalom,HxOm8k6PVb8,/n/fs/visualai-scr/Data/Mimetics2/skiing slalom/HxOm8k6PVb8_000035_000045,250,35,45
skiing slalom,j734kxPTeD8,/n/fs/visualai-scr/Data/Mimetics2/skiing slalom/j734kxPTeD8_000257_000267,300,257,267
skiing slalom,KISD1YRTeCk,/n/fs/visualai-scr/Data/Mimetics2/skiing slalom/KISD1YRTeCk_000095_000105,300,95,105
skiing slalom,iB3sn6RRKME,/n/fs/visualai-scr/Data/Mimetics2/skiing slalom/iB3sn6RRKME_000000_000008,237,0,8
skiing slalom,0TuF-RqBhWs,/n/fs/visualai-scr/Data/Mimetics2/skiing slalom/0TuF-RqBhWs_000137_000147,300,137,147
skiing slalom,SdY0GFiME2c,/n/fs/visualai-scr/Data/Mimetics2/skiing slalom/SdY0GFiME2c_000075_000081,180,75,81
skiing slalom,xB5O3xFxm5Y,/n/fs/visualai-scr/Data/Mimetics2/skiing slalom/xB5O3xFxm5Y_000045_000055,240,45,55
skiing slalom,ogNC_prhefk,/n/fs/visualai-scr/Data/Mimetics2/skiing slalom/ogNC_prhefk_000000_000007,210,0,7
skiing slalom,pKnP88kWTKA,/n/fs/visualai-scr/Data/Mimetics2/skiing slalom/pKnP88kWTKA_001536_001546,300,1536,1546
brushing hair,ZZheLvdGg38,/n/fs/visualai-scr/Data/Mimetics2/brushing hair/ZZheLvdGg38_000130_000132,48,130,132
brushing hair,DuXviwv7VBM,/n/fs/visualai-scr/Data/Mimetics2/brushing hair/DuXviwv7VBM_000063_000070,210,63,70
brushing hair,5CV-aGIS00w,/n/fs/visualai-scr/Data/Mimetics2/brushing hair/5CV-aGIS00w_000070_000075,150,70,75
brushing hair,5HfC8ROl_Z8,/n/fs/visualai-scr/Data/Mimetics2/brushing hair/5HfC8ROl_Z8_000073_000075,50,73,75
brushing hair,37R1c2TOoCY,/n/fs/visualai-scr/Data/Mimetics2/brushing hair/37R1c2TOoCY_000100_000109,225,100,109
brushing hair,EfVGZBDtC1c,/n/fs/visualai-scr/Data/Mimetics2/brushing hair/EfVGZBDtC1c_000085_000092,175,85,92
brushing hair,ktaZ7IRhifs,/n/fs/visualai-scr/Data/Mimetics2/brushing hair/ktaZ7IRhifs_000025_000030,125,25,30
brushing hair,LlXKCeXsdNg,/n/fs/visualai-scr/Data/Mimetics2/brushing hair/LlXKCeXsdNg_000086_000089,90,86,89
brushing hair,8FtwAj8XQ7o,/n/fs/visualai-scr/Data/Mimetics2/brushing hair/8FtwAj8XQ7o_000206_000208,50,206,208
brushing hair,A2Pvv6y0jOw,/n/fs/visualai-scr/Data/Mimetics2/brushing hair/A2Pvv6y0jOw_000003_000012,135,3,12
brushing hair,HXldFQk7lv8,/n/fs/visualai-scr/Data/Mimetics2/brushing hair/HXldFQk7lv8_000126_000129,75,126,129
brushing hair,JPBjBflm7V4,/n/fs/visualai-scr/Data/Mimetics2/brushing hair/JPBjBflm7V4_000063_000069,150,63,69
brushing hair,UbdK6pKQnSQ,/n/fs/visualai-scr/Data/Mimetics2/brushing hair/UbdK6pKQnSQ_000110_000113,90,110,113
brushing hair,RXUC8ebzAEI,/n/fs/visualai-scr/Data/Mimetics2/brushing hair/RXUC8ebzAEI_000123_000133,250,123,133
brushing hair,ong17Z8dBVg,/n/fs/visualai-scr/Data/Mimetics2/brushing hair/ong17Z8dBVg_000101_000107,150,101,107
brushing hair,5r3Z45QAmxI,/n/fs/visualai-scr/Data/Mimetics2/brushing hair/5r3Z45QAmxI_000205_000211,150,205,211
brushing hair,ABBJ5QGrMlI,/n/fs/visualai-scr/Data/Mimetics2/brushing hair/ABBJ5QGrMlI_000098_000101,75,98,101
brushing hair,MNj1VOYinX0,/n/fs/visualai-scr/Data/Mimetics2/brushing hair/MNj1VOYinX0_000063_000073,300,63,73
brushing hair,_HDQfm5f36U,/n/fs/visualai-scr/Data/Mimetics2/brushing hair/_HDQfm5f36U_000083_000093,300,83,93
brushing hair,PjUiNabLd04,/n/fs/visualai-scr/Data/Mimetics2/brushing hair/PjUiNabLd04_000469_000472,75,469,472
punching person (boxing),9qUKSCHQ3z0,/n/fs/visualai-scr/Data/Mimetics2/punching person (boxing)/9qUKSCHQ3z0_000057_000059,60,57,59
punching person (boxing),dGFYRCvR_II,/n/fs/visualai-scr/Data/Mimetics2/punching person (boxing)/dGFYRCvR_II_000197_000199,60,197,199
punching person (boxing),PW5e01acttw,/n/fs/visualai-scr/Data/Mimetics2/punching person (boxing)/PW5e01acttw_000172_000173,30,172,173
punching person (boxing),xJUW5S38h14,/n/fs/visualai-scr/Data/Mimetics2/punching person (boxing)/xJUW5S38h14_000054_000061,175,54,61
punching person (boxing),bOkmovhjL2M,/n/fs/visualai-scr/Data/Mimetics2/punching person (boxing)/bOkmovhjL2M_000034_000037,72,34,37
punching person (boxing),wPwRnIwXWNA,/n/fs/visualai-scr/Data/Mimetics2/punching person (boxing)/wPwRnIwXWNA_000171_000175,120,171,175
punching person (boxing),KC7P1KVZUC0,/n/fs/visualai-scr/Data/Mimetics2/punching person (boxing)/KC7P1KVZUC0_000055_000062,175,55,62
punching person (boxing),PuQDdeQxejw,/n/fs/visualai-scr/Data/Mimetics2/punching person (boxing)/PuQDdeQxejw_000001_000005,120,1,5
punching person (boxing),TGhDWDW7WhY,/n/fs/visualai-scr/Data/Mimetics2/punching person (boxing)/TGhDWDW7WhY_000164_000166,48,164,166
punching person (boxing),gYZbufD61Og,/n/fs/visualai-scr/Data/Mimetics2/punching person (boxing)/gYZbufD61Og_000214_000216,50,214,216
punching person (boxing),FUIqsc5hMMQ,/n/fs/visualai-scr/Data/Mimetics2/punching person (boxing)/FUIqsc5hMMQ_000182_000184,50,182,184
punching person (boxing),ZQAzZN4uRM4,/n/fs/visualai-scr/Data/Mimetics2/punching person (boxing)/ZQAzZN4uRM4_000269_000271,60,269,271
punching person (boxing),SHVMWGGAkGQ,/n/fs/visualai-scr/Data/Mimetics2/punching person (boxing)/SHVMWGGAkGQ_000096_000100,80,96,100
punching person (boxing),SdY0GFiME2c,/n/fs/visualai-scr/Data/Mimetics2/punching person (boxing)/SdY0GFiME2c_000396_000399,90,396,399
punching person (boxing),jz7diIi-jY8,/n/fs/visualai-scr/Data/Mimetics2/punching person (boxing)/jz7diIi-jY8_000027_000029,60,27,29
punching person (boxing),zl5qNMwJ_jU,/n/fs/visualai-scr/Data/Mimetics2/punching person (boxing)/zl5qNMwJ_jU_000120_000121,25,120,121
playing accordion,s--xTEYCHUo,/n/fs/visualai-scr/Data/Mimetics2/playing accordion/s--xTEYCHUo_000090_000100,300,90,100
playing accordion,LfceW5releU,/n/fs/visualai-scr/Data/Mimetics2/playing accordion/LfceW5releU_000002_000004,60,2,4
playing accordion,hFsTEHai5Zg,/n/fs/visualai-scr/Data/Mimetics2/playing accordion/hFsTEHai5Zg_000000_000010,300,0,10
playing accordion,8_Ex8pZgeAY,/n/fs/visualai-scr/Data/Mimetics2/playing accordion/8_Ex8pZgeAY_000050_000060,300,50,60
playing accordion,HNNBPNQwh8E,/n/fs/visualai-scr/Data/Mimetics2/playing accordion/HNNBPNQwh8E_000008_000010,60,8,10
playing accordion,vDonJJgnI0w,/n/fs/visualai-scr/Data/Mimetics2/playing accordion/vDonJJgnI0w_000010_000020,300,10,20
playing accordion,eeC8u7osjsU,/n/fs/visualai-scr/Data/Mimetics2/playing accordion/eeC8u7osjsU_000000_000008,240,0,8
playing accordion,9CtKGiqhCoA,/n/fs/visualai-scr/Data/Mimetics2/playing accordion/9CtKGiqhCoA_000023_000027,60,23,27
playing accordion,J72oxMhjf1Y,/n/fs/visualai-scr/Data/Mimetics2/playing accordion/J72oxMhjf1Y_000037_000041,120,37,41
playing accordion,USAL4OpwJ-w,/n/fs/visualai-scr/Data/Mimetics2/playing accordion/USAL4OpwJ-w_000020_000030,300,20,30
playing accordion,HrF_3NMGU2c,/n/fs/visualai-scr/Data/Mimetics2/playing accordion/HrF_3NMGU2c_000002_000004,49,2,4
archery,rn4TUxN67XY,/n/fs/visualai-scr/Data/Mimetics2/archery/rn4TUxN67XY_000229_000238,270,229,238
archery,0zFbEjoGlhc,/n/fs/visualai-scr/Data/Mimetics2/archery/0zFbEjoGlhc_000014_000024,300,14,24
archery,SHVMWGGAkGQ,/n/fs/visualai-scr/Data/Mimetics2/archery/SHVMWGGAkGQ_000104_000109,100,104,109
archery,Nru0Tb3f6lg,/n/fs/visualai-scr/Data/Mimetics2/archery/Nru0Tb3f6lg_000014_000015,24,14,15
archery,Wj4-fNnZqIc,/n/fs/visualai-scr/Data/Mimetics2/archery/Wj4-fNnZqIc_000003_000007,120,3,7
archery,qOOs5bnc25g,/n/fs/visualai-scr/Data/Mimetics2/archery/qOOs5bnc25g_000012_000015,90,12,15
archery,ci9pKRJWueg,/n/fs/visualai-scr/Data/Mimetics2/archery/ci9pKRJWueg_000048_000056,240,48,56
archery,td7OmZ4YTNs,/n/fs/visualai-scr/Data/Mimetics2/archery/td7OmZ4YTNs_000380_000384,100,380,384
archery,eu3whHZ63Jo,/n/fs/visualai-scr/Data/Mimetics2/archery/eu3whHZ63Jo_000024_000026,60,24,26
archery,SdY0GFiME2c,/n/fs/visualai-scr/Data/Mimetics2/archery/SdY0GFiME2c_000393_000395,60,393,395
archery,x58YK75ijjY,/n/fs/visualai-scr/Data/Mimetics2/archery/x58YK75ijjY_000021_000030,270,21,30
archery,aXknIbHLPLM,/n/fs/visualai-scr/Data/Mimetics2/archery/aXknIbHLPLM_000013_000016,90,13,16
archery,raooqfayrIQ,/n/fs/visualai-scr/Data/Mimetics2/archery/raooqfayrIQ_000050_000051,30,50,51
archery,N4WKMa_KKYc,/n/fs/visualai-scr/Data/Mimetics2/archery/N4WKMa_KKYc_000023_000024,25,23,24
archery,GZWM9or9AhM,/n/fs/visualai-scr/Data/Mimetics2/archery/GZWM9or9AhM_000040_000044,120,40,44
archery,zedVxImHkK8,/n/fs/visualai-scr/Data/Mimetics2/archery/zedVxImHkK8_000022_000023,30,22,23
archery,0zFbEjoGlhc,/n/fs/visualai-scr/Data/Mimetics2/archery/0zFbEjoGlhc_000006_000010,120,6,10
archery,AHMNZopmQBQ,/n/fs/visualai-scr/Data/Mimetics2/archery/AHMNZopmQBQ_000071_000074,72,71,74
archery,kQIZjktFIWY,/n/fs/visualai-scr/Data/Mimetics2/archery/kQIZjktFIWY_000165_000168,90,165,168
catching or throwing frisbee,zS4yOVFTEvM,/n/fs/visualai-scr/Data/Mimetics2/catching or throwing frisbee/zS4yOVFTEvM_000010_000013,90,10,13
catching or throwing frisbee,ItllLoYW1Og,/n/fs/visualai-scr/Data/Mimetics2/catching or throwing frisbee/ItllLoYW1Og_000074_000076,50,74,76
catching or throwing frisbee,-7MNk_seKxo,/n/fs/visualai-scr/Data/Mimetics2/catching or throwing frisbee/-7MNk_seKxo_000000_000006,180,0,6
catching or throwing frisbee,GdKK42PIcB0,/n/fs/visualai-scr/Data/Mimetics2/catching or throwing frisbee/GdKK42PIcB0_000081_000084,90,81,84
catching or throwing frisbee,-7MNk_seKxo,/n/fs/visualai-scr/Data/Mimetics2/catching or throwing frisbee/-7MNk_seKxo_000030_000033,90,30,33
catching or throwing frisbee,P-gHg3cUU2A,/n/fs/visualai-scr/Data/Mimetics2/catching or throwing frisbee/P-gHg3cUU2A_000019_000021,48,19,21
catching or throwing frisbee,ItllLoYW1Og,/n/fs/visualai-scr/Data/Mimetics2/catching or throwing frisbee/ItllLoYW1Og_000028_000030,50,28,30
catching or throwing frisbee,RQkSoH9WTks,/n/fs/visualai-scr/Data/Mimetics2/catching or throwing frisbee/RQkSoH9WTks_000029_000031,60,29,31
catching or throwing frisbee,GdKK42PIcB0,/n/fs/visualai-scr/Data/Mimetics2/catching or throwing frisbee/GdKK42PIcB0_000006_000010,120,6,10
catching or throwing frisbee,TazunpSKrq0,/n/fs/visualai-scr/Data/Mimetics2/catching or throwing frisbee/TazunpSKrq0_000025_000031,150,25,31
catching or throwing frisbee,P-gHg3cUU2A,/n/fs/visualai-scr/Data/Mimetics2/catching or throwing frisbee/P-gHg3cUU2A_000046_000047,24,46,47
catching or throwing frisbee,TazunpSKrq0,/n/fs/visualai-scr/Data/Mimetics2/catching or throwing frisbee/TazunpSKrq0_000073_000076,75,73,76
catching or throwing frisbee,RQkSoH9WTks,/n/fs/visualai-scr/Data/Mimetics2/catching or throwing frisbee/RQkSoH9WTks_000023_000026,90,23,26
catching or throwing frisbee,P-gHg3cUU2A,/n/fs/visualai-scr/Data/Mimetics2/catching or throwing frisbee/P-gHg3cUU2A_000060_000064,96,60,64
drinking,7by8NBSszwk,/n/fs/visualai-scr/Data/Mimetics2/drinking/7by8NBSszwk_000019_000026,175,19,26
drinking,JV3qQldC1eg,/n/fs/visualai-scr/Data/Mimetics2/drinking/JV3qQldC1eg_000399_000402,75,399,402
drinking,PZxs-3Mfnr8,/n/fs/visualai-scr/Data/Mimetics2/drinking/PZxs-3Mfnr8_000120_000122,50,120,122
drinking,ISAMIkCV5Is,/n/fs/visualai-scr/Data/Mimetics2/drinking/ISAMIkCV5Is_000367_000370,75,367,370
drinking,Oa3GfbRU67E,/n/fs/visualai-scr/Data/Mimetics2/drinking/Oa3GfbRU67E_000165_000167,60,165,167
drinking,UinTEeZHWas,/n/fs/visualai-scr/Data/Mimetics2/drinking/UinTEeZHWas_000028_000033,150,28,33
drinking,1LBm1M3DBNY,/n/fs/visualai-scr/Data/Mimetics2/drinking/1LBm1M3DBNY_000089_000092,90,89,92
drinking,cRsvdcmXk8M,/n/fs/visualai-scr/Data/Mimetics2/drinking/cRsvdcmXk8M_000005_000009,100,5,9
drinking,5r3Z45QAmxI,/n/fs/visualai-scr/Data/Mimetics2/drinking/5r3Z45QAmxI_000271_000276,125,271,276
drinking,Q6g6dU0IgBU,/n/fs/visualai-scr/Data/Mimetics2/drinking/Q6g6dU0IgBU_000005_000010,30,5,10
drinking,bM3Dqa0WX_g,/n/fs/visualai-scr/Data/Mimetics2/drinking/bM3Dqa0WX_g_000015_000016,30,15,16
drinking,gFhirwb2vtk,/n/fs/visualai-scr/Data/Mimetics2/drinking/gFhirwb2vtk_000071_000074,75,71,74
drinking,n7ew4qIamfA,/n/fs/visualai-scr/Data/Mimetics2/drinking/n7ew4qIamfA_000053_000055,50,53,55
drinking,C_zr0Kq_qfg,/n/fs/visualai-scr/Data/Mimetics2/drinking/C_zr0Kq_qfg_000069_000071,48,69,71
drinking,F_vRbO50J20,/n/fs/visualai-scr/Data/Mimetics2/drinking/F_vRbO50J20_000190_000194,100,190,194
drinking,LkMG3Ntn-g8,/n/fs/visualai-scr/Data/Mimetics2/drinking/LkMG3Ntn-g8_000056_000060,100,56,60
drinking,svY2E5YUUxc,/n/fs/visualai-scr/Data/Mimetics2/drinking/svY2E5YUUxc_000049_000059,300,49,59
drinking,ftRFY6vUIEw,/n/fs/visualai-scr/Data/Mimetics2/drinking/ftRFY6vUIEw_000235_000240,150,235,240
drinking,EkxyU6gC0zQ,/n/fs/visualai-scr/Data/Mimetics2/drinking/EkxyU6gC0zQ_000100_000104,100,100,104
drinking,TFSIm3Zeecg,/n/fs/visualai-scr/Data/Mimetics2/drinking/TFSIm3Zeecg_000053_000055,48,53,55
drinking,gYZbufD61Og,/n/fs/visualai-scr/Data/Mimetics2/drinking/gYZbufD61Og_000085_000092,175,85,92
drinking,JV3qQldC1eg,/n/fs/visualai-scr/Data/Mimetics2/drinking/JV3qQldC1eg_000390_000391,25,390,391
drinking,KgfRK_3hGiY,/n/fs/visualai-scr/Data/Mimetics2/drinking/KgfRK_3hGiY_000326_000330,96,326,330
drinking,i1x9qnLy3Ng,/n/fs/visualai-scr/Data/Mimetics2/drinking/i1x9qnLy3Ng_000027_000029,60,27,29
drinking,xQs2G_09NxU,/n/fs/visualai-scr/Data/Mimetics2/drinking/xQs2G_09NxU_000065_000067,60,65,67
drinking,TGhDWDW7WhY,/n/fs/visualai-scr/Data/Mimetics2/drinking/TGhDWDW7WhY_000562_000567,120,562,567
drinking,5oCZjxPE2dg,/n/fs/visualai-scr/Data/Mimetics2/drinking/5oCZjxPE2dg_000060_000066,180,60,66
reading book,ok3F7541Ews,/n/fs/visualai-scr/Data/Mimetics2/reading book/ok3F7541Ews_000080_000082,50,80,82
reading book,11EMLAs8D_A,/n/fs/visualai-scr/Data/Mimetics2/reading book/11EMLAs8D_A_000410_000414,96,410,414
reading book,KSFnKPS3Ol8,/n/fs/visualai-scr/Data/Mimetics2/reading book/KSFnKPS3Ol8_000064_000068,100,64,68
reading book,-CY1TkCMwjM,/n/fs/visualai-scr/Data/Mimetics2/reading book/-CY1TkCMwjM_000011_000018,210,11,18
reading book,L3yIVkdL43E,/n/fs/visualai-scr/Data/Mimetics2/reading book/L3yIVkdL43E_000030_000035,120,30,35
reading book,S-E3rlSsrz0,/n/fs/visualai-scr/Data/Mimetics2/reading book/S-E3rlSsrz0_000023_000028,150,23,28
reading book,L71DUOPJn88,/n/fs/visualai-scr/Data/Mimetics2/reading book/L71DUOPJn88_000242_000245,75,242,245
reading book,ftRFY6vUIEw,/n/fs/visualai-scr/Data/Mimetics2/reading book/ftRFY6vUIEw_000059_000062,90,59,62
reading book,cLqHYQY3Sjo,/n/fs/visualai-scr/Data/Mimetics2/reading book/cLqHYQY3Sjo_000033_000038,150,33,38
reading book,qdznL4VyV10,/n/fs/visualai-scr/Data/Mimetics2/reading book/qdznL4VyV10_000033_000038,150,33,38
eating ice cream,5bAFqsG37C0,/n/fs/visualai-scr/Data/Mimetics2/eating ice cream/5bAFqsG37C0_000000_000008,120,0,8
eating ice cream,yVMqtk4MDj8,/n/fs/visualai-scr/Data/Mimetics2/eating ice cream/yVMqtk4MDj8_000009_000012,45,9,12
eating ice cream,LAwv-gU3lqE,/n/fs/visualai-scr/Data/Mimetics2/eating ice cream/LAwv-gU3lqE_000055_000057,60,55,57
eating ice cream,T2gTIworsLk,/n/fs/visualai-scr/Data/Mimetics2/eating ice cream/T2gTIworsLk_000049_000050,25,49,50
eating ice cream,QDs8zNsJVUI,/n/fs/visualai-scr/Data/Mimetics2/eating ice cream/QDs8zNsJVUI_000000_000006,61,0,6
eating ice cream,53SXVzTpCjg,/n/fs/visualai-scr/Data/Mimetics2/eating ice cream/53SXVzTpCjg_000037_000045,200,37,45
eating ice cream,X2pmhFCUDJw,/n/fs/visualai-scr/Data/Mimetics2/eating ice cream/X2pmhFCUDJw_000095_000100,125,95,100
eating ice cream,37R1c2TOoCY,/n/fs/visualai-scr/Data/Mimetics2/eating ice cream/37R1c2TOoCY_000146_000151,125,146,151
eating ice cream,EUHjIrtQvms,/n/fs/visualai-scr/Data/Mimetics2/eating ice cream/EUHjIrtQvms_000002_000008,180,2,8
eating ice cream,N3coivBwaqc,/n/fs/visualai-scr/Data/Mimetics2/eating ice cream/N3coivBwaqc_000050_000052,60,50,52
eating ice cream,EjVnQyhz8uo,/n/fs/visualai-scr/Data/Mimetics2/eating ice cream/EjVnQyhz8uo_000202_000210,200,202,210
flying kite,VwDR7DvX4PE,/n/fs/visualai-scr/Data/Mimetics2/flying kite/VwDR7DvX4PE_000010_000020,300,10,20
flying kite,xwOp2GJ3kDI,/n/fs/visualai-scr/Data/Mimetics2/flying kite/xwOp2GJ3kDI_000234_000239,150,234,239
flying kite,sLXBT10xg8w,/n/fs/visualai-scr/Data/Mimetics2/flying kite/sLXBT10xg8w_000028_000038,300,28,38
flying kite,NjaSSRcBgus,/n/fs/visualai-scr/Data/Mimetics2/flying kite/NjaSSRcBgus_000085_000095,300,85,95
flying kite,_JYwMtF5UzA,/n/fs/visualai-scr/Data/Mimetics2/flying kite/_JYwMtF5UzA_000000_000010,300,0,10
flying kite,eF5Yv3U1UaY,/n/fs/visualai-scr/Data/Mimetics2/flying kite/eF5Yv3U1UaY_000150_000153,69,150,153
flying kite,-fiZ0aXnDX8,/n/fs/visualai-scr/Data/Mimetics2/flying kite/-fiZ0aXnDX8_000156_000166,250,156,166
flying kite,MbmFcjcGf8w,/n/fs/visualai-scr/Data/Mimetics2/flying kite/MbmFcjcGf8w_000196_000203,210,196,203
flying kite,OXg_ybIJYuE,/n/fs/visualai-scr/Data/Mimetics2/flying kite/OXg_ybIJYuE_000048_000057,270,48,57
flying kite,Kc7a47NaUrU,/n/fs/visualai-scr/Data/Mimetics2/flying kite/Kc7a47NaUrU_000001_000009,200,1,9
sweeping floor,vXLLSsfJgMk,/n/fs/visualai-scr/Data/Mimetics2/sweeping floor/vXLLSsfJgMk_000294_000299,150,294,299
sweeping floor,an1BQc5Nitg,/n/fs/visualai-scr/Data/Mimetics2/sweeping floor/an1BQc5Nitg_000113_000118,150,113,118
sweeping floor,L4lqtPwU5vY,/n/fs/visualai-scr/Data/Mimetics2/sweeping floor/L4lqtPwU5vY_000162_000166,120,162,166
sweeping floor,E8JBLVSuOPM,/n/fs/visualai-scr/Data/Mimetics2/sweeping floor/E8JBLVSuOPM_000102_000106,120,102,106
sweeping floor,utUp-BoIErA,/n/fs/visualai-scr/Data/Mimetics2/sweeping floor/utUp-BoIErA_000091_000099,240,91,99
sweeping floor,an1BQc5Nitg,/n/fs/visualai-scr/Data/Mimetics2/sweeping floor/an1BQc5Nitg_000139_000142,90,139,142
sweeping floor,Vx0iQQWYaB0,/n/fs/visualai-scr/Data/Mimetics2/sweeping floor/Vx0iQQWYaB0_000016_000018,50,16,18
sweeping floor,jxHnpPtlGfM,/n/fs/visualai-scr/Data/Mimetics2/sweeping floor/jxHnpPtlGfM_000000_000002,60,0,2
sweeping floor,qBGgfVdl43w,/n/fs/visualai-scr/Data/Mimetics2/sweeping floor/qBGgfVdl43w_000321_000323,60,321,323
sweeping floor,tJVNul1R24o,/n/fs/visualai-scr/Data/Mimetics2/sweeping floor/tJVNul1R24o_000000_000005,150,0,5
sweeping floor,K1MQX20MHE4,/n/fs/visualai-scr/Data/Mimetics2/sweeping floor/K1MQX20MHE4_000000_000010,300,0,10
walking the dog,1lukUCL5pS4,/n/fs/visualai-scr/Data/Mimetics2/walking the dog/1lukUCL5pS4_000270_000277,210,270,277
walking the dog,CmwzhtJ98tk,/n/fs/visualai-scr/Data/Mimetics2/walking the dog/CmwzhtJ98tk_000025_000031,180,25,31
walking the dog,U7d5rZ944Vs,/n/fs/visualai-scr/Data/Mimetics2/walking the dog/U7d5rZ944Vs_000053_000054,24,53,54
walking the dog,K2Ny4BjAc1o,/n/fs/visualai-scr/Data/Mimetics2/walking the dog/K2Ny4BjAc1o_000000_000007,210,0,7
walking the dog,_qs0XOPOp5U,/n/fs/visualai-scr/Data/Mimetics2/walking the dog/_qs0XOPOp5U_000166_000174,200,166,174
walking the dog,Kby4miFDaco,/n/fs/visualai-scr/Data/Mimetics2/walking the dog/Kby4miFDaco_000030_000036,144,30,36
walking the dog,7pkMMm2BhTg,/n/fs/visualai-scr/Data/Mimetics2/walking the dog/7pkMMm2BhTg_000012_000017,150,12,17
walking the dog,ZTjXEV-mvgY,/n/fs/visualai-scr/Data/Mimetics2/walking the dog/ZTjXEV-mvgY_000011_000014,90,11,14
walking the dog,PVwuEaln_6E,/n/fs/visualai-scr/Data/Mimetics2/walking the dog/PVwuEaln_6E_000022_000032,300,22,32
walking the dog,KqbXanPwUZg,/n/fs/visualai-scr/Data/Mimetics2/walking the dog/KqbXanPwUZg_000096_000100,96,96,100
walking the dog,oxmXnucXlMQ,/n/fs/visualai-scr/Data/Mimetics2/walking the dog/oxmXnucXlMQ_000055_000057,50,55,57
walking the dog,-N5zNXtTF-E,/n/fs/visualai-scr/Data/Mimetics2/walking the dog/-N5zNXtTF-E_000015_000018,72,15,18
walking the dog,cGt5BblpKvQ,/n/fs/visualai-scr/Data/Mimetics2/walking the dog/cGt5BblpKvQ_000047_000053,180,47,53
walking the dog,05c4TS7obbM,/n/fs/visualai-scr/Data/Mimetics2/walking the dog/05c4TS7obbM_000077_000080,75,77,80
walking the dog,yMVRfX-cYRk,/n/fs/visualai-scr/Data/Mimetics2/walking the dog/yMVRfX-cYRk_000084_000089,150,84,89
skipping rope,zvR84iiKECs,/n/fs/visualai-scr/Data/Mimetics2/skipping rope/zvR84iiKECs_000157_000161,120,157,161
skipping rope,MeIPJuWWznc,/n/fs/visualai-scr/Data/Mimetics2/skipping rope/MeIPJuWWznc_000042_000052,240,42,52
skipping rope,27e57LLAOM0,/n/fs/visualai-scr/Data/Mimetics2/skipping rope/27e57LLAOM0_000004_000012,240,4,12
skipping rope,XZBs7xlrNAw,/n/fs/visualai-scr/Data/Mimetics2/skipping rope/XZBs7xlrNAw_000015_000025,300,15,25
skipping rope,FrSYiqa_eiA,/n/fs/visualai-scr/Data/Mimetics2/skipping rope/FrSYiqa_eiA_000028_000038,300,28,38
skipping rope,zvR84iiKECs,/n/fs/visualai-scr/Data/Mimetics2/skipping rope/zvR84iiKECs_000013_000018,150,13,18
skipping rope,CGMgGwKiHKg,/n/fs/visualai-scr/Data/Mimetics2/skipping rope/CGMgGwKiHKg_000004_000014,75,4,14
skipping rope,4PZAs22DgHA,/n/fs/visualai-scr/Data/Mimetics2/skipping rope/4PZAs22DgHA_000029_000039,300,29,39
skipping rope,ldDONms8lAI,/n/fs/visualai-scr/Data/Mimetics2/skipping rope/ldDONms8lAI_000000_000006,180,0,6
skipping rope,vjy05xjkgkg,/n/fs/visualai-scr/Data/Mimetics2/skipping rope/vjy05xjkgkg_000006_000010,119,6,10
skipping rope,oRGRNNCGB08,/n/fs/visualai-scr/Data/Mimetics2/skipping rope/oRGRNNCGB08_000000_000010,300,0,10
skipping rope,M1qYDjgWF7g,/n/fs/visualai-scr/Data/Mimetics2/skipping rope/M1qYDjgWF7g_000068_000078,300,68,78
clean and jerk,rn4TUxN67XY,/n/fs/visualai-scr/Data/Mimetics2/clean and jerk/rn4TUxN67XY_000075_000085,300,75,85
clean and jerk,RWLqaD9v6N8,/n/fs/visualai-scr/Data/Mimetics2/clean and jerk/RWLqaD9v6N8_000204_000208,120,204,208
clean and jerk,GKbkRz9TtEs,/n/fs/visualai-scr/Data/Mimetics2/clean and jerk/GKbkRz9TtEs_000159_000169,300,159,169
clean and jerk,O9m7k8GagTA,/n/fs/visualai-scr/Data/Mimetics2/clean and jerk/O9m7k8GagTA_000263_000273,150,263,273
clean and jerk,PGEtxyw3wog,/n/fs/visualai-scr/Data/Mimetics2/clean and jerk/PGEtxyw3wog_000000_000005,150,0,5
clean and jerk,AhuE6ybVnh0,/n/fs/visualai-scr/Data/Mimetics2/clean and jerk/AhuE6ybVnh0_000353_000363,250,353,363
clean and jerk,TRcCyetKj0o,/n/fs/visualai-scr/Data/Mimetics2/clean and jerk/TRcCyetKj0o_000202_000211,267,202,211
clean and jerk,xxWzjiEEEyo,/n/fs/visualai-scr/Data/Mimetics2/clean and jerk/xxWzjiEEEyo_000036_000041,150,36,41
clean and jerk,SdY0GFiME2c,/n/fs/visualai-scr/Data/Mimetics2/clean and jerk/SdY0GFiME2c_000410_000415,150,410,415
clean and jerk,KHafHqcY0zM,/n/fs/visualai-scr/Data/Mimetics2/clean and jerk/KHafHqcY0zM_000184_000187,75,184,187
clean and jerk,LZKWWQHg6tI,/n/fs/visualai-scr/Data/Mimetics2/clean and jerk/LZKWWQHg6tI_000670_000678,200,670,678
clean and jerk,qe5KLw8qee0,/n/fs/visualai-scr/Data/Mimetics2/clean and jerk/qe5KLw8qee0_000287_000297,300,287,297
clean and jerk,pcBXtl667nI,/n/fs/visualai-scr/Data/Mimetics2/clean and jerk/pcBXtl667nI_000160_000170,300,160,170
eating cake,kGpDLyc59ik,/n/fs/visualai-scr/Data/Mimetics2/eating cake/kGpDLyc59ik_000320_000330,240,320,330
eating cake,1LBm1M3DBNY,/n/fs/visualai-scr/Data/Mimetics2/eating cake/1LBm1M3DBNY_000076_000086,300,76,86
eating cake,FPMBV3rd_hI,/n/fs/visualai-scr/Data/Mimetics2/eating cake/FPMBV3rd_hI_000003_000010,210,3,10
eating cake,zvPgORDt900,/n/fs/visualai-scr/Data/Mimetics2/eating cake/zvPgORDt900_000036_000046,300,36,46
eating cake,N4WKMa_KKYc,/n/fs/visualai-scr/Data/Mimetics2/eating cake/N4WKMa_KKYc_000001_000003,50,1,3
eating cake,CmwzhtJ98tk,/n/fs/visualai-scr/Data/Mimetics2/eating cake/CmwzhtJ98tk_000069_000071,60,69,71
eating cake,kGpDLyc59ik,/n/fs/visualai-scr/Data/Mimetics2/eating cake/kGpDLyc59ik_000190_000200,240,190,200
eating cake,PjUiNabLd04,/n/fs/visualai-scr/Data/Mimetics2/eating cake/PjUiNabLd04_000623_000625,50,623,625
eating cake,COppfZLpk-8,/n/fs/visualai-scr/Data/Mimetics2/eating cake/COppfZLpk-8_000065_000075,250,65,75
eating cake,PZxs-3Mfnr8,/n/fs/visualai-scr/Data/Mimetics2/eating cake/PZxs-3Mfnr8_000210_000213,75,210,213
eating cake,uPCzjHPS--U,/n/fs/visualai-scr/Data/Mimetics2/eating cake/uPCzjHPS--U_000070_000072,60,70,72
eating cake,ftRFY6vUIEw,/n/fs/visualai-scr/Data/Mimetics2/eating cake/ftRFY6vUIEw_000140_000150,300,140,150
eating cake,c-DsvJAjK0w,/n/fs/visualai-scr/Data/Mimetics2/eating cake/c-DsvJAjK0w_000050_000057,175,50,57
eating cake,89vQjjd5M70,/n/fs/visualai-scr/Data/Mimetics2/eating cake/89vQjjd5M70_000129_000138,225,129,138
eating cake,RWLqaD9v6N8,/n/fs/visualai-scr/Data/Mimetics2/eating cake/RWLqaD9v6N8_000140_000146,180,140,146
eating cake,M5-HKclj15U,/n/fs/visualai-scr/Data/Mimetics2/eating cake/M5-HKclj15U_000042_000052,250,42,52
eating cake,TdGVBQbBTbo,/n/fs/visualai-scr/Data/Mimetics2/eating cake/TdGVBQbBTbo_000011_000018,175,11,18
eating cake,cLqHYQY3Sjo,/n/fs/visualai-scr/Data/Mimetics2/eating cake/cLqHYQY3Sjo_000052_000056,120,52,56
eating cake,LlXKCeXsdNg,/n/fs/visualai-scr/Data/Mimetics2/eating cake/LlXKCeXsdNg_000177_000183,180,177,183
catching or throwing baseball,FaCkfAZOgOM,/n/fs/visualai-scr/Data/Mimetics2/catching or throwing baseball/FaCkfAZOgOM_000040_000041,30,40,41
catching or throwing baseball,NAkrjA7GR84,/n/fs/visualai-scr/Data/Mimetics2/catching or throwing baseball/NAkrjA7GR84_000029_000031,60,29,31
catching or throwing baseball,-CM9SDKQRQc,/n/fs/visualai-scr/Data/Mimetics2/catching or throwing baseball/-CM9SDKQRQc_000091_000093,60,91,93
catching or throwing baseball,L4lqtPwU5vY,/n/fs/visualai-scr/Data/Mimetics2/catching or throwing baseball/L4lqtPwU5vY_000122_000123,30,122,123
catching or throwing baseball,Ej9DeLsFxNs,/n/fs/visualai-scr/Data/Mimetics2/catching or throwing baseball/Ej9DeLsFxNs_000026_000027,30,26,27
catching or throwing baseball,bodvGG0lOFY,/n/fs/visualai-scr/Data/Mimetics2/catching or throwing baseball/bodvGG0lOFY_000118_000119,30,118,119
catching or throwing baseball,bodvGG0lOFY,/n/fs/visualai-scr/Data/Mimetics2/catching or throwing baseball/bodvGG0lOFY_000076_000077,30,76,77
catching or throwing baseball,0QAUWDBvbHc,/n/fs/visualai-scr/Data/Mimetics2/catching or throwing baseball/0QAUWDBvbHc_000074_000075,30,74,75
catching or throwing baseball,BpsJdEQKIGI,/n/fs/visualai-scr/Data/Mimetics2/catching or throwing baseball/BpsJdEQKIGI_000105_000108,90,105,108
catching or throwing baseball,YREQPADOWnM,/n/fs/visualai-scr/Data/Mimetics2/catching or throwing baseball/YREQPADOWnM_000128_000130,60,128,130
catching or throwing baseball,lpZs8sx51tk,/n/fs/visualai-scr/Data/Mimetics2/catching or throwing baseball/lpZs8sx51tk_000028_000031,90,28,31
catching or throwing baseball,TRcCyetKj0o,/n/fs/visualai-scr/Data/Mimetics2/catching or throwing baseball/TRcCyetKj0o_000107_000112,148,107,112
catching or throwing baseball,tKS0NvaO0h4,/n/fs/visualai-scr/Data/Mimetics2/catching or throwing baseball/tKS0NvaO0h4_000082_000085,90,82,85
catching or throwing baseball,mwRu5ngESZc,/n/fs/visualai-scr/Data/Mimetics2/catching or throwing baseball/mwRu5ngESZc_000026_000027,30,26,27
skiing (not slalom or crosscountry),zseV_Vxy1xg,/n/fs/visualai-scr/Data/Mimetics2/skiing (not slalom or crosscountry)/zseV_Vxy1xg_000242_000246,100,242,246
skiing (not slalom or crosscountry),L-1AdOARfRU,/n/fs/visualai-scr/Data/Mimetics2/skiing (not slalom or crosscountry)/L-1AdOARfRU_000090_000092,60,90,92
skiing (not slalom or crosscountry),yk7yXdzabxY,/n/fs/visualai-scr/Data/Mimetics2/skiing (not slalom or crosscountry)/yk7yXdzabxY_000027_000030,72,27,30
skiing (not slalom or crosscountry),dNmYajS1Gng,/n/fs/visualai-scr/Data/Mimetics2/skiing (not slalom or crosscountry)/dNmYajS1Gng_000050_000059,216,50,59
skiing (not slalom or crosscountry),CGznm4YKiVU,/n/fs/visualai-scr/Data/Mimetics2/skiing (not slalom or crosscountry)/CGznm4YKiVU_000205_000206,25,205,206
skiing (not slalom or crosscountry),TRcCyetKj0o,/n/fs/visualai-scr/Data/Mimetics2/skiing (not slalom or crosscountry)/TRcCyetKj0o_000184_000187,89,184,187
skiing (not slalom or crosscountry),XmoOJuF2kZ8,/n/fs/visualai-scr/Data/Mimetics2/skiing (not slalom or crosscountry)/XmoOJuF2kZ8_000113_000115,50,113,115
skiing (not slalom or crosscountry),UV6cW4NoVhw,/n/fs/visualai-scr/Data/Mimetics2/skiing (not slalom or crosscountry)/UV6cW4NoVhw_000018_000028,250,18,28
skiing (not slalom or crosscountry),PU0-dmClrFY,/n/fs/visualai-scr/Data/Mimetics2/skiing (not slalom or crosscountry)/PU0-dmClrFY_000011_000021,250,11,21
skiing (not slalom or crosscountry),j734kxPTeD8,/n/fs/visualai-scr/Data/Mimetics2/skiing (not slalom or crosscountry)/j734kxPTeD8_000240_000246,180,240,246
juggling soccer ball,MuHA3dDr5JI,/n/fs/visualai-scr/Data/Mimetics2/juggling soccer ball/MuHA3dDr5JI_000013_000014,30,13,14
juggling soccer ball,80C5dnlGtiY,/n/fs/visualai-scr/Data/Mimetics2/juggling soccer ball/80C5dnlGtiY_000004_000009,150,4,9
juggling soccer ball,228yqOPCJaY,/n/fs/visualai-scr/Data/Mimetics2/juggling soccer ball/228yqOPCJaY_000014_000016,60,14,16
juggling soccer ball,ArGXhyriIzs,/n/fs/visualai-scr/Data/Mimetics2/juggling soccer ball/ArGXhyriIzs_000006_000012,60,6,12
juggling soccer ball,M9rgnIoZQTo,/n/fs/visualai-scr/Data/Mimetics2/juggling soccer ball/M9rgnIoZQTo_000012_000015,45,12,15
juggling soccer ball,MuHA3dDr5JI,/n/fs/visualai-scr/Data/Mimetics2/juggling soccer ball/MuHA3dDr5JI_000008_000010,60,8,10
juggling soccer ball,OLTMQBerToU,/n/fs/visualai-scr/Data/Mimetics2/juggling soccer ball/OLTMQBerToU_000064_000068,60,64,68
juggling soccer ball,3YUTULgA-Hc,/n/fs/visualai-scr/Data/Mimetics2/juggling soccer ball/3YUTULgA-Hc_000036_000037,25,36,37
juggling soccer ball,pOHZlLytOQw,/n/fs/visualai-scr/Data/Mimetics2/juggling soccer ball/pOHZlLytOQw_000070_000073,90,70,73
juggling soccer ball,9AbZIwq7qJU,/n/fs/visualai-scr/Data/Mimetics2/juggling soccer ball/9AbZIwq7qJU_000000_000003,59,0,3
juggling soccer ball,eMXo3QIsFQo,/n/fs/visualai-scr/Data/Mimetics2/juggling soccer ball/eMXo3QIsFQo_000138_000139,25,138,139
juggling soccer ball,58RrWSDBsNc,/n/fs/visualai-scr/Data/Mimetics2/juggling soccer ball/58RrWSDBsNc_000281_000283,60,281,283
juggling soccer ball,ZxyVh5NlOF8,/n/fs/visualai-scr/Data/Mimetics2/juggling soccer ball/ZxyVh5NlOF8_000026_000028,30,26,28
juggling soccer ball,j11ARKpK-8Q,/n/fs/visualai-scr/Data/Mimetics2/juggling soccer ball/j11ARKpK-8Q_000020_000022,60,20,22
juggling soccer ball,M9rgnIoZQTo,/n/fs/visualai-scr/Data/Mimetics2/juggling soccer ball/M9rgnIoZQTo_000015_000017,30,15,17
juggling soccer ball,pOHZlLytOQw,/n/fs/visualai-scr/Data/Mimetics2/juggling soccer ball/pOHZlLytOQw_000170_000180,300,170,180
juggling soccer ball,JuGpEUvXEW0,/n/fs/visualai-scr/Data/Mimetics2/juggling soccer ball/JuGpEUvXEW0_000011_000015,120,11,15
juggling soccer ball,80C5dnlGtiY,/n/fs/visualai-scr/Data/Mimetics2/juggling soccer ball/80C5dnlGtiY_000021_000025,120,21,25
deadlifting,Yxzp8o1DdDU,/n/fs/visualai-scr/Data/Mimetics2/deadlifting/Yxzp8o1DdDU_000116_000120,120,116,120
deadlifting,hJn2UPaicZc,/n/fs/visualai-scr/Data/Mimetics2/deadlifting/hJn2UPaicZc_000008_000010,60,8,10
deadlifting,Mdz5lsRh7pI,/n/fs/visualai-scr/Data/Mimetics2/deadlifting/Mdz5lsRh7pI_000144_000146,60,144,146
deadlifting,ipB9C6YuxUI,/n/fs/visualai-scr/Data/Mimetics2/deadlifting/ipB9C6YuxUI_000000_000003,90,0,3
deadlifting,ipB9C6YuxUI,/n/fs/visualai-scr/Data/Mimetics2/deadlifting/ipB9C6YuxUI_000007_000012,116,7,12
deadlifting,9_UCzNl796M,/n/fs/visualai-scr/Data/Mimetics2/deadlifting/9_UCzNl796M_000141_000145,120,141,145
deadlifting,pjZJCBOGwRU,/n/fs/visualai-scr/Data/Mimetics2/deadlifting/pjZJCBOGwRU_000005_000010,125,5,10
deadlifting,pn1dt2YD46s,/n/fs/visualai-scr/Data/Mimetics2/deadlifting/pn1dt2YD46s_000033_000035,60,33,35
deadlifting,jvzsEAhGMAE,/n/fs/visualai-scr/Data/Mimetics2/deadlifting/jvzsEAhGMAE_000325_000326,25,325,326
deadlifting,o7Aj7Bq8Kos,/n/fs/visualai-scr/Data/Mimetics2/deadlifting/o7Aj7Bq8Kos_000090_000091,24,90,91
deadlifting,7xUGM3fJIks,/n/fs/visualai-scr/Data/Mimetics2/deadlifting/7xUGM3fJIks_000004_000006,60,4,6
driving car,Ous_8Cm7G1s,/n/fs/visualai-scr/Data/Mimetics2/driving car/Ous_8Cm7G1s_000213_000223,250,213,223
driving car,bkzsoJf-UsA,/n/fs/visualai-scr/Data/Mimetics2/driving car/bkzsoJf-UsA_000059_000061,50,59,61
driving car,m-H7X-deSTk,/n/fs/visualai-scr/Data/Mimetics2/driving car/m-H7X-deSTk_000216_000219,75,216,219
driving car,QRiAY_889YM,/n/fs/visualai-scr/Data/Mimetics2/driving car/QRiAY_889YM_000128_000138,250,128,138
driving car,lIrkASGtoz8,/n/fs/visualai-scr/Data/Mimetics2/driving car/lIrkASGtoz8_000038_000046,240,38,46
driving car,0uLKTeX6HjA,/n/fs/visualai-scr/Data/Mimetics2/driving car/0uLKTeX6HjA_000001_000004,90,1,4
driving car,SrS39FDK3HY,/n/fs/visualai-scr/Data/Mimetics2/driving car/SrS39FDK3HY_000028_000035,210,28,35
driving car,0eVaGBh2aYg,/n/fs/visualai-scr/Data/Mimetics2/driving car/0eVaGBh2aYg_000050_000060,300,50,60
driving car,aGZL2rw-qtk,/n/fs/visualai-scr/Data/Mimetics2/driving car/aGZL2rw-qtk_000030_000040,300,30,40
driving car,GHahcY5ew3o,/n/fs/visualai-scr/Data/Mimetics2/driving car/GHahcY5ew3o_000001_000005,120,1,5
driving car,FPMBV3rd_hI,/n/fs/visualai-scr/Data/Mimetics2/driving car/FPMBV3rd_hI_000077_000087,300,77,87
driving car,mm1HgQbXFEE,/n/fs/visualai-scr/Data/Mimetics2/driving car/mm1HgQbXFEE_000100_000106,180,100,106
driving car,MFWgsGsKGMQ,/n/fs/visualai-scr/Data/Mimetics2/driving car/MFWgsGsKGMQ_000182_000188,150,182,188
driving car,gYZbufD61Og,/n/fs/visualai-scr/Data/Mimetics2/driving car/gYZbufD61Og_000130_000132,50,130,132
driving car,aJd5kfrA0Vs,/n/fs/visualai-scr/Data/Mimetics2/driving car/aJd5kfrA0Vs_000341_000351,300,341,351
driving car,cOZSG3wYTLo,/n/fs/visualai-scr/Data/Mimetics2/driving car/cOZSG3wYTLo_000064_000072,240,64,72
cleaning windows,tJVNul1R24o,/n/fs/visualai-scr/Data/Mimetics2/cleaning windows/tJVNul1R24o_000073_000081,240,73,81
cleaning windows,XvKLqW2XTSA,/n/fs/visualai-scr/Data/Mimetics2/cleaning windows/XvKLqW2XTSA_000044_000048,100,44,48
cleaning windows,xGs73XJkM24,/n/fs/visualai-scr/Data/Mimetics2/cleaning windows/xGs73XJkM24_000000_000002,59,0,2
cleaning windows,VNX0UCoor6M,/n/fs/visualai-scr/Data/Mimetics2/cleaning windows/VNX0UCoor6M_000087_000097,300,87,97
cleaning windows,fhIOg7xMQlA,/n/fs/visualai-scr/Data/Mimetics2/cleaning windows/fhIOg7xMQlA_000068_000073,125,68,73
cleaning windows,cPZl3pipfEw,/n/fs/visualai-scr/Data/Mimetics2/cleaning windows/cPZl3pipfEw_000063_000073,250,63,73
cleaning windows,2L0fVqR_xtU,/n/fs/visualai-scr/Data/Mimetics2/cleaning windows/2L0fVqR_xtU_000003_000013,250,3,13
cleaning windows,XvKLqW2XTSA,/n/fs/visualai-scr/Data/Mimetics2/cleaning windows/XvKLqW2XTSA_000066_000072,150,66,72
cleaning windows,4pfixAOJK_c,/n/fs/visualai-scr/Data/Mimetics2/cleaning windows/4pfixAOJK_c_000035_000045,250,35,45
cleaning windows,cPZl3pipfEw,/n/fs/visualai-scr/Data/Mimetics2/cleaning windows/cPZl3pipfEw_000020_000025,125,20,25
cleaning windows,6QV4jL5lrJI,/n/fs/visualai-scr/Data/Mimetics2/cleaning windows/6QV4jL5lrJI_000012_000016,120,12,16
cleaning windows,RLkJThRccyc,/n/fs/visualai-scr/Data/Mimetics2/cleaning windows/RLkJThRccyc_000011_000015,120,11,15
cleaning windows,twz6DMLXS4U,/n/fs/visualai-scr/Data/Mimetics2/cleaning windows/twz6DMLXS4U_000021_000031,300,21,31
cleaning windows,lpQQWMFWNAM,/n/fs/visualai-scr/Data/Mimetics2/cleaning windows/lpQQWMFWNAM_000000_000001,30,0,1
cleaning windows,NMe-qhhPUTo,/n/fs/visualai-scr/Data/Mimetics2/cleaning windows/NMe-qhhPUTo_000156_000166,250,156,166
cleaning windows,zNI3Cw58xH8,/n/fs/visualai-scr/Data/Mimetics2/cleaning windows/zNI3Cw58xH8_000000_000010,300,0,10
shooting basketball,o1q2BURthvU,/n/fs/visualai-scr/Data/Mimetics2/shooting basketball/o1q2BURthvU_000151_000152,29,151,152
shooting basketball,lMucgdCqsqw,/n/fs/visualai-scr/Data/Mimetics2/shooting basketball/lMucgdCqsqw_000019_000022,63,19,22
shooting basketball,GyjPg9e1lvs,/n/fs/visualai-scr/Data/Mimetics2/shooting basketball/GyjPg9e1lvs_000085_000088,90,85,88
shooting basketball,zXem1xEiy-E,/n/fs/visualai-scr/Data/Mimetics2/shooting basketball/zXem1xEiy-E_000008_000010,60,8,10
shooting basketball,sByIMfW6aI0,/n/fs/visualai-scr/Data/Mimetics2/shooting basketball/sByIMfW6aI0_000009_000011,60,9,11
shooting basketball,xv60PJOPVgg,/n/fs/visualai-scr/Data/Mimetics2/shooting basketball/xv60PJOPVgg_000025_000027,60,25,27
shooting basketball,lSxv5M4-8tE,/n/fs/visualai-scr/Data/Mimetics2/shooting basketball/lSxv5M4-8tE_000040_000041,30,40,41
shooting basketball,L4lqtPwU5vY,/n/fs/visualai-scr/Data/Mimetics2/shooting basketball/L4lqtPwU5vY_000093_000094,30,93,94
shooting basketball,nd4TpqEJwEs,/n/fs/visualai-scr/Data/Mimetics2/shooting basketball/nd4TpqEJwEs_000133_000135,58,133,135
shooting basketball,XvpuGCv9hyo,/n/fs/visualai-scr/Data/Mimetics2/shooting basketball/XvpuGCv9hyo_000042_000043,30,42,43
shooting basketball,nrlWz4aIkRI,/n/fs/visualai-scr/Data/Mimetics2/shooting basketball/nrlWz4aIkRI_000003_000004,30,3,4
shooting basketball,SdY0GFiME2c,/n/fs/visualai-scr/Data/Mimetics2/shooting basketball/SdY0GFiME2c_000450_000452,60,450,452
shooting basketball,wILLcjlT58U,/n/fs/visualai-scr/Data/Mimetics2/shooting basketball/wILLcjlT58U_000008_000010,60,8,10
shooting basketball,o1q2BURthvU,/n/fs/visualai-scr/Data/Mimetics2/shooting basketball/o1q2BURthvU_000051_000055,120,51,55
shooting basketball,XvpuGCv9hyo,/n/fs/visualai-scr/Data/Mimetics2/shooting basketball/XvpuGCv9hyo_000029_000030,30,29,30
shooting basketball,BT0Q_P1fBlY,/n/fs/visualai-scr/Data/Mimetics2/shooting basketball/BT0Q_P1fBlY_000387_000390,90,387,390
shooting basketball,Sjmcire2g88,/n/fs/visualai-scr/Data/Mimetics2/shooting basketball/Sjmcire2g88_000141_000144,90,141,144
shooting basketball,PzzMKgMU02M,/n/fs/visualai-scr/Data/Mimetics2/shooting basketball/PzzMKgMU02M_000027_000028,30,27,28
shooting basketball,YfTcVAUWc74,/n/fs/visualai-scr/Data/Mimetics2/shooting basketball/YfTcVAUWc74_000004_000006,60,4,6
canoeing or kayaking,i1fbSuUV5Nc,/n/fs/visualai-scr/Data/Mimetics2/canoeing or kayaking/i1fbSuUV5Nc_000039_000049,240,39,49
canoeing or kayaking,c2Cl52b3A7g,/n/fs/visualai-scr/Data/Mimetics2/canoeing or kayaking/c2Cl52b3A7g_000005_000015,300,5,15
canoeing or kayaking,hBEUQlh6PNs,/n/fs/visualai-scr/Data/Mimetics2/canoeing or kayaking/hBEUQlh6PNs_000094_000096,60,94,96
canoeing or kayaking,o5soCfdcNdU,/n/fs/visualai-scr/Data/Mimetics2/canoeing or kayaking/o5soCfdcNdU_000000_000010,300,0,10
canoeing or kayaking,ENzcF7wbvkU,/n/fs/visualai-scr/Data/Mimetics2/canoeing or kayaking/ENzcF7wbvkU_000001_000006,116,1,6
canoeing or kayaking,1Ng5ULurhh4,/n/fs/visualai-scr/Data/Mimetics2/canoeing or kayaking/1Ng5ULurhh4_000180_000190,300,180,190
canoeing or kayaking,TCIbkyhlPpg,/n/fs/visualai-scr/Data/Mimetics2/canoeing or kayaking/TCIbkyhlPpg_000015_000025,300,15,25
canoeing or kayaking,89BVtt8r0hQ,/n/fs/visualai-scr/Data/Mimetics2/canoeing or kayaking/89BVtt8r0hQ_000025_000030,150,25,30
canoeing or kayaking,LUmAuEeKS_M,/n/fs/visualai-scr/Data/Mimetics2/canoeing or kayaking/LUmAuEeKS_M_000002_000005,90,2,5
canoeing or kayaking,TGK0SkDTDrE,/n/fs/visualai-scr/Data/Mimetics2/canoeing or kayaking/TGK0SkDTDrE_000003_000006,75,3,6
canoeing or kayaking,CjXn0c_XvDE,/n/fs/visualai-scr/Data/Mimetics2/canoeing or kayaking/CjXn0c_XvDE_000059_000061,60,59,61
canoeing or kayaking,T7mhaaJ70u4,/n/fs/visualai-scr/Data/Mimetics2/canoeing or kayaking/T7mhaaJ70u4_000013_000016,90,13,16
canoeing or kayaking,9MKtWBhuexI,/n/fs/visualai-scr/Data/Mimetics2/canoeing or kayaking/9MKtWBhuexI_000011_000021,250,11,21
canoeing or kayaking,DbAA2Xb3dcU,/n/fs/visualai-scr/Data/Mimetics2/canoeing or kayaking/DbAA2Xb3dcU_000050_000060,150,50,60
surfing water,LR26Z9ySfXc,/n/fs/visualai-scr/Data/Mimetics2/surfing water/LR26Z9ySfXc_000051_000061,300,51,61
surfing water,zVk-hIYzOXY,/n/fs/visualai-scr/Data/Mimetics2/surfing water/zVk-hIYzOXY_000114_000119,150,114,119
surfing water,iHxLX1M7v2Q,/n/fs/visualai-scr/Data/Mimetics2/surfing water/iHxLX1M7v2Q_000865_000868,75,865,868
surfing water,fKtaBkCHwpU,/n/fs/visualai-scr/Data/Mimetics2/surfing water/fKtaBkCHwpU_000005_000007,30,5,7
surfing water,05c4TS7obbM,/n/fs/visualai-scr/Data/Mimetics2/surfing water/05c4TS7obbM_000052_000053,25,52,53
surfing water,TRcCyetKj0o,/n/fs/visualai-scr/Data/Mimetics2/surfing water/TRcCyetKj0o_000188_000192,119,188,192
surfing water,qgHpb__5AIA,/n/fs/visualai-scr/Data/Mimetics2/surfing water/qgHpb__5AIA_000030_000036,180,30,36
surfing water,eMXo3QIsFQo,/n/fs/visualai-scr/Data/Mimetics2/surfing water/eMXo3QIsFQo_000212_000216,100,212,216
surfing water,czIuu4xAJXY,/n/fs/visualai-scr/Data/Mimetics2/surfing water/czIuu4xAJXY_000165_000171,180,165,171
surfing water,bMNS3HYVpa0,/n/fs/visualai-scr/Data/Mimetics2/surfing water/bMNS3HYVpa0_000005_000011,180,5,11
playing volleyball,GVhUVhlJYDM,/n/fs/visualai-scr/Data/Mimetics2/playing volleyball/GVhUVhlJYDM_000035_000044,264,35,44
playing volleyball,feX4zhOfjX4,/n/fs/visualai-scr/Data/Mimetics2/playing volleyball/feX4zhOfjX4_000090_000100,300,90,100
playing volleyball,TRcCyetKj0o,/n/fs/visualai-scr/Data/Mimetics2/playing volleyball/TRcCyetKj0o_000077_000079,60,77,79
playing volleyball,4mW-7bipojM,/n/fs/visualai-scr/Data/Mimetics2/playing volleyball/4mW-7bipojM_000072_000079,210,72,79
playing volleyball,P5CYaw5mEM0,/n/fs/visualai-scr/Data/Mimetics2/playing volleyball/P5CYaw5mEM0_000105_000108,72,105,108
playing volleyball,uiup9wdVzw0,/n/fs/visualai-scr/Data/Mimetics2/playing volleyball/uiup9wdVzw0_000020_000024,120,20,24
playing volleyball,TrrI4cFOYEk,/n/fs/visualai-scr/Data/Mimetics2/playing volleyball/TrrI4cFOYEk_000006_000009,90,6,9
playing volleyball,eGDD8GeE0qo,/n/fs/visualai-scr/Data/Mimetics2/playing volleyball/eGDD8GeE0qo_000034_000044,300,34,44
playing volleyball,HOHxR8_CqEQ,/n/fs/visualai-scr/Data/Mimetics2/playing volleyball/HOHxR8_CqEQ_000008_000015,210,8,15
playing volleyball,Fz97Mmtozcg,/n/fs/visualai-scr/Data/Mimetics2/playing volleyball/Fz97Mmtozcg_000014_000016,60,14,16
playing volleyball,84GzqqaUiVc,/n/fs/visualai-scr/Data/Mimetics2/playing volleyball/84GzqqaUiVc_000000_000007,105,0,7
playing volleyball,L4lqtPwU5vY,/n/fs/visualai-scr/Data/Mimetics2/playing volleyball/L4lqtPwU5vY_000149_000158,270,149,158
playing volleyball,Mt4P2qJzSZs,/n/fs/visualai-scr/Data/Mimetics2/playing volleyball/Mt4P2qJzSZs_000000_000003,90,0,3
opening bottle,JV3qQldC1eg,/n/fs/visualai-scr/Data/Mimetics2/opening bottle/JV3qQldC1eg_000375_000379,100,375,379
opening bottle,1lukUCL5pS4,/n/fs/visualai-scr/Data/Mimetics2/opening bottle/1lukUCL5pS4_000146_000151,150,146,151
opening bottle,7by8NBSszwk,/n/fs/visualai-scr/Data/Mimetics2/opening bottle/7by8NBSszwk_000004_000005,25,4,5
opening bottle,s6psOZC5UE8,/n/fs/visualai-scr/Data/Mimetics2/opening bottle/s6psOZC5UE8_000090_000100,250,90,100
opening bottle,gFhirwb2vtk,/n/fs/visualai-scr/Data/Mimetics2/opening bottle/gFhirwb2vtk_000058_000068,250,58,68
opening bottle,LkMG3Ntn-g8,/n/fs/visualai-scr/Data/Mimetics2/opening bottle/LkMG3Ntn-g8_000054_000056,50,54,56
opening bottle,C_zr0Kq_qfg,/n/fs/visualai-scr/Data/Mimetics2/opening bottle/C_zr0Kq_qfg_000065_000067,48,65,67
opening bottle,xQs2G_09NxU,/n/fs/visualai-scr/Data/Mimetics2/opening bottle/xQs2G_09NxU_000064_000065,30,64,65
opening bottle,1LBm1M3DBNY,/n/fs/visualai-scr/Data/Mimetics2/opening bottle/1LBm1M3DBNY_000087_000089,60,87,89
playing piano,2je914Qrjzw,/n/fs/visualai-scr/Data/Mimetics2/playing piano/2je914Qrjzw_000020_000030,300,20,30
playing piano,m-H7X-deSTk,/n/fs/visualai-scr/Data/Mimetics2/playing piano/m-H7X-deSTk_000012_000017,125,12,17
playing piano,soxQzU7uERg,/n/fs/visualai-scr/Data/Mimetics2/playing piano/soxQzU7uERg_000055_000060,150,55,60
playing piano,vg8js-NANDo,/n/fs/visualai-scr/Data/Mimetics2/playing piano/vg8js-NANDo_000020_000030,300,20,30
playing piano,5scu_DSFGcs,/n/fs/visualai-scr/Data/Mimetics2/playing piano/5scu_DSFGcs_000015_000017,60,15,17
playing piano,yTWTsSIykcg,/n/fs/visualai-scr/Data/Mimetics2/playing piano/yTWTsSIykcg_000000_000010,300,0,10
playing piano,SoVAjHzeduo,/n/fs/visualai-scr/Data/Mimetics2/playing piano/SoVAjHzeduo_000005_000015,300,5,15
playing piano,yZurS3ExCPk,/n/fs/visualai-scr/Data/Mimetics2/playing piano/yZurS3ExCPk_000027_000037,250,27,37
playing piano,trFxg5SOSvI,/n/fs/visualai-scr/Data/Mimetics2/playing piano/trFxg5SOSvI_000010_000020,240,10,20
playing piano,cmM4OrWuj_M,/n/fs/visualai-scr/Data/Mimetics2/playing piano/cmM4OrWuj_M_000002_000010,240,2,10
playing piano,I79RUT2mWFc,/n/fs/visualai-scr/Data/Mimetics2/playing piano/I79RUT2mWFc_000020_000024,100,20,24
playing piano,oiGd1Q7mm-w,/n/fs/visualai-scr/Data/Mimetics2/playing piano/oiGd1Q7mm-w_000070_000080,75,70,80
playing piano,4K7T7XNwkOs,/n/fs/visualai-scr/Data/Mimetics2/playing piano/4K7T7XNwkOs_000010_000020,300,10,20
playing piano,L2-iSLXXUjc,/n/fs/visualai-scr/Data/Mimetics2/playing piano/L2-iSLXXUjc_000052_000058,150,52,58
playing piano,7ulJtKGSNvg,/n/fs/visualai-scr/Data/Mimetics2/playing piano/7ulJtKGSNvg_000025_000035,300,25,35
playing piano,TdX-4k1C0FE,/n/fs/visualai-scr/Data/Mimetics2/playing piano/TdX-4k1C0FE_000025_000030,150,25,30
playing piano,yAX_BfEjH0c,/n/fs/visualai-scr/Data/Mimetics2/playing piano/yAX_BfEjH0c_000015_000025,145,15,25
writing,CX77AwLLDcE,/n/fs/visualai-scr/Data/Mimetics2/writing/CX77AwLLDcE_000026_000028,60,26,28
writing,13UBd2tR_sg,/n/fs/visualai-scr/Data/Mimetics2/writing/13UBd2tR_sg_000020_000021,24,20,21
writing,prstk5Ol85U,/n/fs/visualai-scr/Data/Mimetics2/writing/prstk5Ol85U_000010_000011,30,10,11
writing,rDr3LnYDK7g,/n/fs/visualai-scr/Data/Mimetics2/writing/rDr3LnYDK7g_000110_000111,30,110,111
writing,N4WKMa_KKYc,/n/fs/visualai-scr/Data/Mimetics2/writing/N4WKMa_KKYc_000017_000019,50,17,19
writing,x9I8pjBmX28,/n/fs/visualai-scr/Data/Mimetics2/writing/x9I8pjBmX28_000077_000084,210,77,84
writing,rDr3LnYDK7g,/n/fs/visualai-scr/Data/Mimetics2/writing/rDr3LnYDK7g_000113_000115,60,113,115
writing,3CHYTZ1Zhug,/n/fs/visualai-scr/Data/Mimetics2/writing/3CHYTZ1Zhug_000000_000006,180,0,6
writing,UOJPlbURmwM,/n/fs/visualai-scr/Data/Mimetics2/writing/UOJPlbURmwM_000048_000049,30,48,49
writing,xu3hDsutNjU,/n/fs/visualai-scr/Data/Mimetics2/writing/xu3hDsutNjU_000020_000030,300,20,30
writing,rDr3LnYDK7g,/n/fs/visualai-scr/Data/Mimetics2/writing/rDr3LnYDK7g_000120_000122,60,120,122
writing,FGM8u4oX9Xw,/n/fs/visualai-scr/Data/Mimetics2/writing/FGM8u4oX9Xw_000085_000087,60,85,87
writing,aGZL2rw-qtk,/n/fs/visualai-scr/Data/Mimetics2/writing/aGZL2rw-qtk_000117_000127,300,117,127
dribbling basketball,ZsMqq2ByFgM,/n/fs/visualai-scr/Data/Mimetics2/dribbling basketball/ZsMqq2ByFgM_000007_000013,180,7,13
dribbling basketball,o1q2BURthvU,/n/fs/visualai-scr/Data/Mimetics2/dribbling basketball/o1q2BURthvU_000063_000073,300,63,73
dribbling basketball,VcWQTlNOzoU,/n/fs/visualai-scr/Data/Mimetics2/dribbling basketball/VcWQTlNOzoU_000131_000133,60,131,133
dribbling basketball,BdEDEi_LFOA,/n/fs/visualai-scr/Data/Mimetics2/dribbling basketball/BdEDEi_LFOA_000021_000023,60,21,23
dribbling basketball,L4lqtPwU5vY,/n/fs/visualai-scr/Data/Mimetics2/dribbling basketball/L4lqtPwU5vY_000087_000093,180,87,93
dribbling basketball,lSxv5M4-8tE,/n/fs/visualai-scr/Data/Mimetics2/dribbling basketball/lSxv5M4-8tE_000031_000039,240,31,39
dribbling basketball,VcWQTlNOzoU,/n/fs/visualai-scr/Data/Mimetics2/dribbling basketball/VcWQTlNOzoU_000039_000040,30,39,40
dribbling basketball,cIJd33dNr-4,/n/fs/visualai-scr/Data/Mimetics2/dribbling basketball/cIJd33dNr-4_000006_000012,180,6,12
dribbling basketball,Mio4-VYusug,/n/fs/visualai-scr/Data/Mimetics2/dribbling basketball/Mio4-VYusug_000006_000008,50,6,8
dribbling basketball,xv60PJOPVgg,/n/fs/visualai-scr/Data/Mimetics2/dribbling basketball/xv60PJOPVgg_000057_000058,30,57,58
dribbling basketball,EYDCiKGpSFs,/n/fs/visualai-scr/Data/Mimetics2/dribbling basketball/EYDCiKGpSFs_000010_000012,48,10,12
dribbling basketball,3cFRbGaV5-k,/n/fs/visualai-scr/Data/Mimetics2/dribbling basketball/3cFRbGaV5-k_000004_000008,120,4,8
dribbling basketball,BT0Q_P1fBlY,/n/fs/visualai-scr/Data/Mimetics2/dribbling basketball/BT0Q_P1fBlY_000380_000386,180,380,386
dribbling basketball,JSIMsw3NrGM,/n/fs/visualai-scr/Data/Mimetics2/dribbling basketball/JSIMsw3NrGM_000058_000063,145,58,63
dribbling basketball,pWJ3n5NTgDQ,/n/fs/visualai-scr/Data/Mimetics2/dribbling basketball/pWJ3n5NTgDQ_000007_000010,90,7,10
dribbling basketball,sByIMfW6aI0,/n/fs/visualai-scr/Data/Mimetics2/dribbling basketball/sByIMfW6aI0_000020_000021,30,20,21
dribbling basketball,EDLkX44ocqw,/n/fs/visualai-scr/Data/Mimetics2/dribbling basketball/EDLkX44ocqw_000005_000009,120,5,9
dribbling basketball,wILLcjlT58U,/n/fs/visualai-scr/Data/Mimetics2/dribbling basketball/wILLcjlT58U_000001_000004,90,1,4
reading newspaper,62Sc2tcK7xc,/n/fs/visualai-scr/Data/Mimetics2/reading newspaper/62Sc2tcK7xc_000006_000011,75,6,11
reading newspaper,oxmXnucXlMQ,/n/fs/visualai-scr/Data/Mimetics2/reading newspaper/oxmXnucXlMQ_000150_000154,100,150,154
reading newspaper,UDuEHi7yrZ8,/n/fs/visualai-scr/Data/Mimetics2/reading newspaper/UDuEHi7yrZ8_000550_000560,300,550,560
reading newspaper,aTSVeNeJxog,/n/fs/visualai-scr/Data/Mimetics2/reading newspaper/aTSVeNeJxog_000051_000057,180,51,57
reading newspaper,gw2pK33hEWw,/n/fs/visualai-scr/Data/Mimetics2/reading newspaper/gw2pK33hEWw_000085_000087,50,85,87
reading newspaper,-CY1TkCMwjM,/n/fs/visualai-scr/Data/Mimetics2/reading newspaper/-CY1TkCMwjM_000041_000051,300,41,51
reading newspaper,Xp1oE4WvPuA,/n/fs/visualai-scr/Data/Mimetics2/reading newspaper/Xp1oE4WvPuA_000075_000085,300,75,85
reading newspaper,COppfZLpk-8,/n/fs/visualai-scr/Data/Mimetics2/reading newspaper/COppfZLpk-8_000050_000060,250,50,60
reading newspaper,0PwWxpWlC-U,/n/fs/visualai-scr/Data/Mimetics2/reading newspaper/0PwWxpWlC-U_000012_000020,240,12,20
reading newspaper,JV3qQldC1eg,/n/fs/visualai-scr/Data/Mimetics2/reading newspaper/JV3qQldC1eg_000296_000302,150,296,302
playing violin,TyqATpi_knw,/n/fs/visualai-scr/Data/Mimetics2/playing violin/TyqATpi_knw_000115_000119,120,115,119
playing violin,scZvLstzkig,/n/fs/visualai-scr/Data/Mimetics2/playing violin/scZvLstzkig_000000_000010,75,0,10
playing violin,KM9jkQlR51E,/n/fs/visualai-scr/Data/Mimetics2/playing violin/KM9jkQlR51E_000329_000334,125,329,334
playing violin,L71DUOPJn88,/n/fs/visualai-scr/Data/Mimetics2/playing violin/L71DUOPJn88_000136_000138,50,136,138
playing violin,qNJINPPOZC0,/n/fs/visualai-scr/Data/Mimetics2/playing violin/qNJINPPOZC0_000019_000029,250,19,29
playing violin,GgOXsW06EYE,/n/fs/visualai-scr/Data/Mimetics2/playing violin/GgOXsW06EYE_000003_000010,210,3,10
playing violin,AM72BbbXH4w,/n/fs/visualai-scr/Data/Mimetics2/playing violin/AM72BbbXH4w_000055_000060,150,55,60
playing violin,kfvNRCtoyZc,/n/fs/visualai-scr/Data/Mimetics2/playing violin/kfvNRCtoyZc_000020_000028,240,20,28
playing violin,PTCVfbDY0RM,/n/fs/visualai-scr/Data/Mimetics2/playing violin/PTCVfbDY0RM_000007_000010,50,7,10
playing violin,zbx22vdGsiI,/n/fs/visualai-scr/Data/Mimetics2/playing violin/zbx22vdGsiI_000176_000181,120,176,181
playing violin,SM6vDMcLHiI,/n/fs/visualai-scr/Data/Mimetics2/playing violin/SM6vDMcLHiI_000112_000115,90,112,115
playing violin,hQmoQOJZqok,/n/fs/visualai-scr/Data/Mimetics2/playing violin/hQmoQOJZqok_000050_000056,180,50,56
playing violin,tJVNul1R24o,/n/fs/visualai-scr/Data/Mimetics2/playing violin/tJVNul1R24o_000010_000015,150,10,15
playing violin,Lci2M22ywSg,/n/fs/visualai-scr/Data/Mimetics2/playing violin/Lci2M22ywSg_000000_000010,158,0,10
playing violin,vYTbXgjqWTw,/n/fs/visualai-scr/Data/Mimetics2/playing violin/vYTbXgjqWTw_000002_000007,120,2,7
playing violin,U4SUGeh27RA,/n/fs/visualai-scr/Data/Mimetics2/playing violin/U4SUGeh27RA_000006_000008,50,6,8
playing violin,wo4t9PKxGhI,/n/fs/visualai-scr/Data/Mimetics2/playing violin/wo4t9PKxGhI_000007_000013,180,7,13
playing violin,1LBm1M3DBNY,/n/fs/visualai-scr/Data/Mimetics2/playing violin/1LBm1M3DBNY_000030_000040,300,30,40
playing violin,natexREv6Uo,/n/fs/visualai-scr/Data/Mimetics2/playing violin/natexREv6Uo_000040_000050,150,40,50
playing violin,q-rGl0v0KI8,/n/fs/visualai-scr/Data/Mimetics2/playing violin/q-rGl0v0KI8_000030_000035,150,30,35
juggling balls,WzgnBOXs9Wo,/n/fs/visualai-scr/Data/Mimetics2/juggling balls/WzgnBOXs9Wo_000000_000002,60,0,2
juggling balls,kr8KU7N93dw,/n/fs/visualai-scr/Data/Mimetics2/juggling balls/kr8KU7N93dw_000003_000006,90,3,6
juggling balls,CytOsGVQyKg,/n/fs/visualai-scr/Data/Mimetics2/juggling balls/CytOsGVQyKg_000026_000027,30,26,27
juggling balls,EJqkPjB6EpQ,/n/fs/visualai-scr/Data/Mimetics2/juggling balls/EJqkPjB6EpQ_000074_000076,48,74,76
juggling balls,u2rLpICCatI,/n/fs/visualai-scr/Data/Mimetics2/juggling balls/u2rLpICCatI_000057_000062,120,57,62
juggling balls,aoNi9Im_Iio,/n/fs/visualai-scr/Data/Mimetics2/juggling balls/aoNi9Im_Iio_000134_000136,60,134,136
juggling balls,j5tSDS91AcM,/n/fs/visualai-scr/Data/Mimetics2/juggling balls/j5tSDS91AcM_000104_000108,120,104,108
juggling balls,dbPOVCeb8dU,/n/fs/visualai-scr/Data/Mimetics2/juggling balls/dbPOVCeb8dU_000351_000353,50,351,353
juggling balls,BRtsvUVpHf4,/n/fs/visualai-scr/Data/Mimetics2/juggling balls/BRtsvUVpHf4_000164_000169,127,164,169
juggling balls,E-Bnewo247E,/n/fs/visualai-scr/Data/Mimetics2/juggling balls/E-Bnewo247E_000004_000005,30,4,5
juggling balls,XrTg8mq_geo,/n/fs/visualai-scr/Data/Mimetics2/juggling balls/XrTg8mq_geo_000004_000005,30,4,5
juggling balls,dS3Hc-5o9Z8,/n/fs/visualai-scr/Data/Mimetics2/juggling balls/dS3Hc-5o9Z8_000026_000031,150,26,31
playing trumpet,Zxp7_IMUTRQ,/n/fs/visualai-scr/Data/Mimetics2/playing trumpet/Zxp7_IMUTRQ_000008_000015,175,8,15
playing trumpet,fG8aSj5ttKg,/n/fs/visualai-scr/Data/Mimetics2/playing trumpet/fG8aSj5ttKg_000000_000009,270,0,9
playing trumpet,Fn866-mNriY,/n/fs/visualai-scr/Data/Mimetics2/playing trumpet/Fn866-mNriY_000022_000032,250,22,32
playing trumpet,G7UveGPjZR8,/n/fs/visualai-scr/Data/Mimetics2/playing trumpet/G7UveGPjZR8_000000_000006,180,0,6
playing trumpet,XVQvmod4svI,/n/fs/visualai-scr/Data/Mimetics2/playing trumpet/XVQvmod4svI_000012_000015,90,12,15
playing trumpet,z6woHuuwl1o,/n/fs/visualai-scr/Data/Mimetics2/playing trumpet/z6woHuuwl1o_000000_000010,70,0,10
playing trumpet,VSwUuE4Mb7k,/n/fs/visualai-scr/Data/Mimetics2/playing trumpet/VSwUuE4Mb7k_000008_000012,120,8,12
playing trumpet,f-A2Wa8jR7s,/n/fs/visualai-scr/Data/Mimetics2/playing trumpet/f-A2Wa8jR7s_000005_000008,90,5,8
playing trumpet,qbK-l1kJaWo,/n/fs/visualai-scr/Data/Mimetics2/playing trumpet/qbK-l1kJaWo_000000_000004,72,0,4
playing trumpet,yKwAi-1opzU,/n/fs/visualai-scr/Data/Mimetics2/playing trumpet/yKwAi-1opzU_000023_000026,75,23,26
playing trumpet,AXJjDX7f4U8,/n/fs/visualai-scr/Data/Mimetics2/playing trumpet/AXJjDX7f4U8_000047_000052,150,47,52
playing trumpet,ow-WRihXwm0,/n/fs/visualai-scr/Data/Mimetics2/playing trumpet/ow-WRihXwm0_000003_000013,294,3,13
playing trumpet,Of2AffIeV58,/n/fs/visualai-scr/Data/Mimetics2/playing trumpet/Of2AffIeV58_000003_000010,105,3,10
playing trumpet,mePrNsy72Yg,/n/fs/visualai-scr/Data/Mimetics2/playing trumpet/mePrNsy72Yg_000000_000010,297,0,10
smoking,gYZbufD61Og,/n/fs/visualai-scr/Data/Mimetics2/smoking/gYZbufD61Og_000107_000117,250,107,117
smoking,z9r4IWdxW1w,/n/fs/visualai-scr/Data/Mimetics2/smoking/z9r4IWdxW1w_000091_000094,90,91,94
smoking,fYHOAFqdjaY,/n/fs/visualai-scr/Data/Mimetics2/smoking/fYHOAFqdjaY_000026_000029,90,26,29
smoking,QHy1zMKfbmY,/n/fs/visualai-scr/Data/Mimetics2/smoking/QHy1zMKfbmY_000034_000038,96,34,38
smoking,Ous_8Cm7G1s,/n/fs/visualai-scr/Data/Mimetics2/smoking/Ous_8Cm7G1s_000156_000160,100,156,160
smoking,JiYtY-UpV_E,/n/fs/visualai-scr/Data/Mimetics2/smoking/JiYtY-UpV_E_000000_000010,240,0,10
smoking,M5-HKclj15U,/n/fs/visualai-scr/Data/Mimetics2/smoking/M5-HKclj15U_000090_000092,50,90,92
smoking,EkxyU6gC0zQ,/n/fs/visualai-scr/Data/Mimetics2/smoking/EkxyU6gC0zQ_000136_000146,250,136,146
smoking,AOgag2eGxyE,/n/fs/visualai-scr/Data/Mimetics2/smoking/AOgag2eGxyE_000053_000057,120,53,57
smoking,PZxs-3Mfnr8,/n/fs/visualai-scr/Data/Mimetics2/smoking/PZxs-3Mfnr8_000250_000254,100,250,254
smoking,twz6DMLXS4U,/n/fs/visualai-scr/Data/Mimetics2/smoking/twz6DMLXS4U_000302_000312,300,302,312
smoking,kGpDLyc59ik,/n/fs/visualai-scr/Data/Mimetics2/smoking/kGpDLyc59ik_000041_000051,240,41,51
smoking,COppfZLpk-8,/n/fs/visualai-scr/Data/Mimetics2/smoking/COppfZLpk-8_000018_000020,50,18,20
smoking,Tc78yPv_ztM,/n/fs/visualai-scr/Data/Mimetics2/smoking/Tc78yPv_ztM_000029_000031,60,29,31
smoking,3IKir8rumOs,/n/fs/visualai-scr/Data/Mimetics2/smoking/3IKir8rumOs_000100_000102,50,100,102
smoking,o4jvz4kSC7E,/n/fs/visualai-scr/Data/Mimetics2/smoking/o4jvz4kSC7E_000080_000081,24,80,81
smoking,RWLqaD9v6N8,/n/fs/visualai-scr/Data/Mimetics2/smoking/RWLqaD9v6N8_000044_000047,90,44,47
smoking,oxmXnucXlMQ,/n/fs/visualai-scr/Data/Mimetics2/smoking/oxmXnucXlMQ_000165_000171,150,165,171
smoking,2BVHPrletXY,/n/fs/visualai-scr/Data/Mimetics2/smoking/2BVHPrletXY_000208_000214,144,208,214
shooting goal (soccer),bFzzcjXUnD8,/n/fs/visualai-scr/Data/Mimetics2/shooting goal (soccer)/bFzzcjXUnD8_000002_000005,60,2,5
shooting goal (soccer),MuHA3dDr5JI,/n/fs/visualai-scr/Data/Mimetics2/shooting goal (soccer)/MuHA3dDr5JI_000010_000011,30,10,11
shooting goal (soccer),j11ARKpK-8Q,/n/fs/visualai-scr/Data/Mimetics2/shooting goal (soccer)/j11ARKpK-8Q_000067_000069,60,67,69
shooting goal (soccer),vlxFyd_hi7I,/n/fs/visualai-scr/Data/Mimetics2/shooting goal (soccer)/vlxFyd_hi7I_000065_000068,90,65,68
shooting goal (soccer),ffBqvOzUU_A,/n/fs/visualai-scr/Data/Mimetics2/shooting goal (soccer)/ffBqvOzUU_A_000088_000090,60,88,90
shooting goal (soccer),Pk2OTQENWro,/n/fs/visualai-scr/Data/Mimetics2/shooting goal (soccer)/Pk2OTQENWro_000007_000011,120,7,11
shooting goal (soccer),vlxFyd_hi7I,/n/fs/visualai-scr/Data/Mimetics2/shooting goal (soccer)/vlxFyd_hi7I_000090_000093,90,90,93
shooting goal (soccer),L4lqtPwU5vY,/n/fs/visualai-scr/Data/Mimetics2/shooting goal (soccer)/L4lqtPwU5vY_000048_000050,60,48,50
shooting goal (soccer),Z2_P2eLs-oY,/n/fs/visualai-scr/Data/Mimetics2/shooting goal (soccer)/Z2_P2eLs-oY_000094_000095,30,94,95
shooting goal (soccer),j11ARKpK-8Q,/n/fs/visualai-scr/Data/Mimetics2/shooting goal (soccer)/j11ARKpK-8Q_000082_000086,120,82,86
shooting goal (soccer),Y22Tr4_naSk,/n/fs/visualai-scr/Data/Mimetics2/shooting goal (soccer)/Y22Tr4_naSk_000037_000039,60,37,39
shooting goal (soccer),eMXo3QIsFQo,/n/fs/visualai-scr/Data/Mimetics2/shooting goal (soccer)/eMXo3QIsFQo_000140_000143,75,140,143
shooting goal (soccer),dbn_Nc3G8jA,/n/fs/visualai-scr/Data/Mimetics2/shooting goal (soccer)/dbn_Nc3G8jA_000004_000006,50,4,6
shooting goal (soccer),RVlKVMy-oxI,/n/fs/visualai-scr/Data/Mimetics2/shooting goal (soccer)/RVlKVMy-oxI_000240_000243,75,240,243
hitting baseball,IL_G87_XyxU,/n/fs/visualai-scr/Data/Mimetics2/hitting baseball/IL_G87_XyxU_000081_000083,60,81,83
hitting baseball,ZMJixoSYf8Q,/n/fs/visualai-scr/Data/Mimetics2/hitting baseball/ZMJixoSYf8Q_000045_000047,60,45,47
hitting baseball,TRcCyetKj0o,/n/fs/visualai-scr/Data/Mimetics2/hitting baseball/TRcCyetKj0o_000115_000116,30,115,116
hitting baseball,x3QNv54PtlE,/n/fs/visualai-scr/Data/Mimetics2/hitting baseball/x3QNv54PtlE_000017_000020,90,17,20
hitting baseball,lpZs8sx51tk,/n/fs/visualai-scr/Data/Mimetics2/hitting baseball/lpZs8sx51tk_000015_000017,60,15,17
hitting baseball,OG4GyiHdRAI,/n/fs/visualai-scr/Data/Mimetics2/hitting baseball/OG4GyiHdRAI_000075_000076,30,75,76
hitting baseball,n98HEowTnkQ,/n/fs/visualai-scr/Data/Mimetics2/hitting baseball/n98HEowTnkQ_000011_000012,30,11,12
hitting baseball,hvD1Jypn7cg,/n/fs/visualai-scr/Data/Mimetics2/hitting baseball/hvD1Jypn7cg_000108_000110,60,108,110
hitting baseball,S64EAB8haMw,/n/fs/visualai-scr/Data/Mimetics2/hitting baseball/S64EAB8haMw_000015_000019,120,15,19
hitting baseball,YvKce9m1z7g,/n/fs/visualai-scr/Data/Mimetics2/hitting baseball/YvKce9m1z7g_000004_000006,60,4,6
hitting baseball,eMXo3QIsFQo,/n/fs/visualai-scr/Data/Mimetics2/hitting baseball/eMXo3QIsFQo_000114_000116,50,114,116
hitting baseball,bodvGG0lOFY,/n/fs/visualai-scr/Data/Mimetics2/hitting baseball/bodvGG0lOFY_000078_000081,90,78,81
hitting baseball,NAkrjA7GR84,/n/fs/visualai-scr/Data/Mimetics2/hitting baseball/NAkrjA7GR84_000112_000115,90,112,115
hitting baseball,0xA0SB7uFcc,/n/fs/visualai-scr/Data/Mimetics2/hitting baseball/0xA0SB7uFcc_000019_000020,30,19,20
hitting baseball,-CM9SDKQRQc,/n/fs/visualai-scr/Data/Mimetics2/hitting baseball/-CM9SDKQRQc_000150_000152,60,150,152
sword fighting,FUIqsc5hMMQ,/n/fs/visualai-scr/Data/Mimetics2/sword fighting/FUIqsc5hMMQ_000048_000053,125,48,53
sword fighting,XUwYB1vVgK0,/n/fs/visualai-scr/Data/Mimetics2/sword fighting/XUwYB1vVgK0_000106_000110,100,106,110
sword fighting,-8wp06ZwKQc,/n/fs/visualai-scr/Data/Mimetics2/sword fighting/-8wp06ZwKQc_000000_000004,120,0,4
sword fighting,UbDd0WJE3LU,/n/fs/visualai-scr/Data/Mimetics2/sword fighting/UbDd0WJE3LU_000000_000010,300,0,10
sword fighting,pHtvEIWftR4,/n/fs/visualai-scr/Data/Mimetics2/sword fighting/pHtvEIWftR4_000015_000019,120,15,19
sword fighting,JvfW7e6H-io,/n/fs/visualai-scr/Data/Mimetics2/sword fighting/JvfW7e6H-io_000043_000045,60,43,45
sword fighting,S4E02y5K2Fc,/n/fs/visualai-scr/Data/Mimetics2/sword fighting/S4E02y5K2Fc_000013_000019,90,13,19
sword fighting,7qFtea79UQE,/n/fs/visualai-scr/Data/Mimetics2/sword fighting/7qFtea79UQE_000160_000162,60,160,162
sword fighting,3_mPgxrywfI,/n/fs/visualai-scr/Data/Mimetics2/sword fighting/3_mPgxrywfI_000090_000091,24,90,91
sword fighting,n7isYwg7ooc,/n/fs/visualai-scr/Data/Mimetics2/sword fighting/n7isYwg7ooc_000183_000186,75,183,186
sword fighting,hXFx9M9e6Bo,/n/fs/visualai-scr/Data/Mimetics2/sword fighting/hXFx9M9e6Bo_000070_000075,150,70,75
sword fighting,tu3JQ2edqA0,/n/fs/visualai-scr/Data/Mimetics2/sword fighting/tu3JQ2edqA0_000029_000033,120,29,33
sword fighting,7qFtea79UQE,/n/fs/visualai-scr/Data/Mimetics2/sword fighting/7qFtea79UQE_000157_000160,90,157,160
sword fighting,mJ0yvdpCZdc,/n/fs/visualai-scr/Data/Mimetics2/sword fighting/mJ0yvdpCZdc_000000_000009,270,0,9
sword fighting,MeJZ8NOP4IU,/n/fs/visualai-scr/Data/Mimetics2/sword fighting/MeJZ8NOP4IU_000002_000005,31,2,5
sword fighting,05IGI2SgarU,/n/fs/visualai-scr/Data/Mimetics2/sword fighting/05IGI2SgarU_000113_000123,300,113,123
sword fighting,TRcCyetKj0o,/n/fs/visualai-scr/Data/Mimetics2/sword fighting/TRcCyetKj0o_000304_000308,119,304,308
climbing ladder,SdY0GFiME2c,/n/fs/visualai-scr/Data/Mimetics2/climbing ladder/SdY0GFiME2c_000457_000461,120,457,461
climbing ladder,ETxZ7HjUrhE,/n/fs/visualai-scr/Data/Mimetics2/climbing ladder/ETxZ7HjUrhE_000004_000011,203,4,11
climbing ladder,T3InRU7tizs,/n/fs/visualai-scr/Data/Mimetics2/climbing ladder/T3InRU7tizs_000006_000012,180,6,12
climbing ladder,bXnIBugOVLs,/n/fs/visualai-scr/Data/Mimetics2/climbing ladder/bXnIBugOVLs_000056_000066,255,56,66
climbing ladder,CRSVqiLk8OQ,/n/fs/visualai-scr/Data/Mimetics2/climbing ladder/CRSVqiLk8OQ_000036_000046,300,36,46
climbing ladder,j1JtNwBg8Fs,/n/fs/visualai-scr/Data/Mimetics2/climbing ladder/j1JtNwBg8Fs_000005_000010,150,5,10
climbing ladder,UbdK6pKQnSQ,/n/fs/visualai-scr/Data/Mimetics2/climbing ladder/UbdK6pKQnSQ_000019_000023,120,19,23
climbing ladder,Hmo6-E7DYO4,/n/fs/visualai-scr/Data/Mimetics2/climbing ladder/Hmo6-E7DYO4_000002_000008,72,2,8
climbing ladder,nG7nXhS_Iq8,/n/fs/visualai-scr/Data/Mimetics2/climbing ladder/nG7nXhS_Iq8_000185_000195,250,185,195
climbing ladder,7u3k9tzCHDw,/n/fs/visualai-scr/Data/Mimetics2/climbing ladder/7u3k9tzCHDw_000100_000110,300,100,110
climbing ladder,hBEUQlh6PNs,/n/fs/visualai-scr/Data/Mimetics2/climbing ladder/hBEUQlh6PNs_000284_000286,60,284,286
climbing ladder,g5NWNG4XyS8,/n/fs/visualai-scr/Data/Mimetics2/climbing ladder/g5NWNG4XyS8_000076_000085,228,76,85
climbing ladder,Fii2Pf_UBGA,/n/fs/visualai-scr/Data/Mimetics2/climbing ladder/Fii2Pf_UBGA_000000_000003,90,0,3
playing bass guitar,oAU0Pb-74RU,/n/fs/visualai-scr/Data/Mimetics2/playing bass guitar/oAU0Pb-74RU_000041_000051,300,41,51
playing bass guitar,hK-F1ILPaAk,/n/fs/visualai-scr/Data/Mimetics2/playing bass guitar/hK-F1ILPaAk_000001_000010,270,1,10
playing bass guitar,Fhd0n8xXTSA,/n/fs/visualai-scr/Data/Mimetics2/playing bass guitar/Fhd0n8xXTSA_000000_000010,250,0,10
playing bass guitar,A4nytLns0_M,/n/fs/visualai-scr/Data/Mimetics2/playing bass guitar/A4nytLns0_M_000072_000076,120,72,76
playing bass guitar,wROQoqSDHV0,/n/fs/visualai-scr/Data/Mimetics2/playing bass guitar/wROQoqSDHV0_000011_000013,40,11,13
playing bass guitar,mGlm3QKBvD8,/n/fs/visualai-scr/Data/Mimetics2/playing bass guitar/mGlm3QKBvD8_000085_000086,30,85,86
playing bass guitar,D0ntNYx8Zis,/n/fs/visualai-scr/Data/Mimetics2/playing bass guitar/D0ntNYx8Zis_000028_000038,300,28,38
playing bass guitar,dThVRcijxZQ,/n/fs/visualai-scr/Data/Mimetics2/playing bass guitar/dThVRcijxZQ_000010_000020,300,10,20
playing bass guitar,GkrtgWwIKU0,/n/fs/visualai-scr/Data/Mimetics2/playing bass guitar/GkrtgWwIKU0_000001_000011,240,1,11
playing bass guitar,-0dNIgdbSX8,/n/fs/visualai-scr/Data/Mimetics2/playing bass guitar/-0dNIgdbSX8_000000_000007,210,0,7
playing bass guitar,kR8zkH-35kk,/n/fs/visualai-scr/Data/Mimetics2/playing bass guitar/kR8zkH-35kk_000173_000175,60,173,175
playing bass guitar,pbCEaGyf-Rs,/n/fs/visualai-scr/Data/Mimetics2/playing bass guitar/pbCEaGyf-Rs_000012_000022,297,12,22
playing bass guitar,yx_zMTYkoes,/n/fs/visualai-scr/Data/Mimetics2/playing bass guitar/yx_zMTYkoes_000034_000037,90,34,37
playing tennis,MykK0N1WFN0,/n/fs/visualai-scr/Data/Mimetics2/playing tennis/MykK0N1WFN0_000170_000176,150,170,176
playing tennis,u4jWPS4uQb4,/n/fs/visualai-scr/Data/Mimetics2/playing tennis/u4jWPS4uQb4_000002_000005,90,2,5
playing tennis,XAZML7RXsww,/n/fs/visualai-scr/Data/Mimetics2/playing tennis/XAZML7RXsww_000111_000114,75,111,114
playing tennis,KukISaZBhcI,/n/fs/visualai-scr/Data/Mimetics2/playing tennis/KukISaZBhcI_000050_000054,120,50,54
playing tennis,TRcCyetKj0o,/n/fs/visualai-scr/Data/Mimetics2/playing tennis/TRcCyetKj0o_000170_000172,60,170,172
playing tennis,af_KqWyh2fE,/n/fs/visualai-scr/Data/Mimetics2/playing tennis/af_KqWyh2fE_000055_000064,225,55,64
playing tennis,1uO6_0Ii-gw,/n/fs/visualai-scr/Data/Mimetics2/playing tennis/1uO6_0Ii-gw_000076_000078,50,76,78
playing tennis,L4lqtPwU5vY,/n/fs/visualai-scr/Data/Mimetics2/playing tennis/L4lqtPwU5vY_000070_000080,300,70,80
playing tennis,I0wv7LKnkSw,/n/fs/visualai-scr/Data/Mimetics2/playing tennis/I0wv7LKnkSw_000019_000023,100,19,23
playing tennis,gsdJUGBoKdk,/n/fs/visualai-scr/Data/Mimetics2/playing tennis/gsdJUGBoKdk_000025_000032,175,25,32
playing tennis,UqzbgSuea94,/n/fs/visualai-scr/Data/Mimetics2/playing tennis/UqzbgSuea94_000000_000004,120,0,4
playing tennis,Tg9mJRahkBs,/n/fs/visualai-scr/Data/Mimetics2/playing tennis/Tg9mJRahkBs_000070_000076,180,70,76
playing tennis,u27ZpuwQ7Qw,/n/fs/visualai-scr/Data/Mimetics2/playing tennis/u27ZpuwQ7Qw_000027_000032,150,27,32
playing tennis,1-v_nFabl1M,/n/fs/visualai-scr/Data/Mimetics2/playing tennis/1-v_nFabl1M_000014_000020,180,14,20
playing tennis,RVlKVMy-oxI,/n/fs/visualai-scr/Data/Mimetics2/playing tennis/RVlKVMy-oxI_000143_000147,100,143,147
playing tennis,uGYF0cohpPo,/n/fs/visualai-scr/Data/Mimetics2/playing tennis/uGYF0cohpPo_000017_000020,75,17,20
playing tennis,Z2_P2eLs-oY,/n/fs/visualai-scr/Data/Mimetics2/playing tennis/Z2_P2eLs-oY_000105_000114,270,105,114
playing tennis,Gc6t9fuZUKY,/n/fs/visualai-scr/Data/Mimetics2/playing tennis/Gc6t9fuZUKY_000552_000559,175,552,559
playing tennis,rUn1mjk3LhE,/n/fs/visualai-scr/Data/Mimetics2/playing tennis/rUn1mjk3LhE_000015_000018,72,15,18
climbing a rope,uP9mY0A_0Ts,/n/fs/visualai-scr/Data/Mimetics2/climbing a rope/uP9mY0A_0Ts_000021_000025,120,21,25
climbing a rope,UbdK6pKQnSQ,/n/fs/visualai-scr/Data/Mimetics2/climbing a rope/UbdK6pKQnSQ_000014_000016,60,14,16
climbing a rope,qe5KLw8qee0,/n/fs/visualai-scr/Data/Mimetics2/climbing a rope/qe5KLw8qee0_000181_000184,90,181,184
climbing a rope,x8vuJPisFOg,/n/fs/visualai-scr/Data/Mimetics2/climbing a rope/x8vuJPisFOg_000008_000015,175,8,15
climbing a rope,jEPBGRHgTwg,/n/fs/visualai-scr/Data/Mimetics2/climbing a rope/jEPBGRHgTwg_000177_000180,90,177,180
climbing a rope,bz0COpP1iV0,/n/fs/visualai-scr/Data/Mimetics2/climbing a rope/bz0COpP1iV0_000092_000096,100,92,96
climbing a rope,79KsitsRxK4,/n/fs/visualai-scr/Data/Mimetics2/climbing a rope/79KsitsRxK4_000088_000096,192,88,96
climbing a rope,29CXH6FI8W4,/n/fs/visualai-scr/Data/Mimetics2/climbing a rope/29CXH6FI8W4_000018_000023,150,18,23
climbing a rope,eDDxKQ9KqFk,/n/fs/visualai-scr/Data/Mimetics2/climbing a rope/eDDxKQ9KqFk_000012_000017,120,12,17
climbing a rope,Rxm1Bd10hhw,/n/fs/visualai-scr/Data/Mimetics2/climbing a rope/Rxm1Bd10hhw_000015_000022,175,15,22
climbing a rope,3EeU-kSO0bY,/n/fs/visualai-scr/Data/Mimetics2/climbing a rope/3EeU-kSO0bY_000064_000068,100,64,68
climbing a rope,TTXE56hW3jw,/n/fs/visualai-scr/Data/Mimetics2/climbing a rope/TTXE56hW3jw_000008_000018,300,8,18
climbing a rope,vf-e-dWOxgE,/n/fs/visualai-scr/Data/Mimetics2/climbing a rope/vf-e-dWOxgE_000039_000049,300,39,49
climbing a rope,F9H7ERFv0n0,/n/fs/visualai-scr/Data/Mimetics2/climbing a rope/F9H7ERFv0n0_000000_000010,300,0,10
golf driving,mW2ZS9Y2m8E,/n/fs/visualai-scr/Data/Mimetics2/golf driving/mW2ZS9Y2m8E_000008_000010,50,8,10
golf driving,zLr8OGVDTFA,/n/fs/visualai-scr/Data/Mimetics2/golf driving/zLr8OGVDTFA_000005_000008,90,5,8
golf driving,eMXo3QIsFQo,/n/fs/visualai-scr/Data/Mimetics2/golf driving/eMXo3QIsFQo_000100_000104,100,100,104
golf driving,-vEG9b1osjk,/n/fs/visualai-scr/Data/Mimetics2/golf driving/-vEG9b1osjk_000000_000002,60,0,2
golf driving,B2HcgdVgAYE,/n/fs/visualai-scr/Data/Mimetics2/golf driving/B2HcgdVgAYE_000017_000022,150,17,22
golf driving,SLQOMHEeURM,/n/fs/visualai-scr/Data/Mimetics2/golf driving/SLQOMHEeURM_000180_000184,100,180,184
golf driving,LZKWWQHg6tI,/n/fs/visualai-scr/Data/Mimetics2/golf driving/LZKWWQHg6tI_000608_000612,100,608,612
golf driving,TRcCyetKj0o,/n/fs/visualai-scr/Data/Mimetics2/golf driving/TRcCyetKj0o_000228_000236,237,228,236
golf driving,JiH47aX9sqU,/n/fs/visualai-scr/Data/Mimetics2/golf driving/JiH47aX9sqU_000017_000023,180,17,23
golf driving,htZoKnl5OE4,/n/fs/visualai-scr/Data/Mimetics2/golf driving/htZoKnl5OE4_000013_000018,120,13,18
golf driving,vA0v6Xp7CIU,/n/fs/visualai-scr/Data/Mimetics2/golf driving/vA0v6Xp7CIU_000105_000112,210,105,112
golf driving,enqzVO7JoK4,/n/fs/visualai-scr/Data/Mimetics2/golf driving/enqzVO7JoK4_000035_000036,30,35,36
golf driving,nEkB5deP0T8,/n/fs/visualai-scr/Data/Mimetics2/golf driving/nEkB5deP0T8_000117_000122,150,117,122
golf driving,CjXn0c_XvDE,/n/fs/visualai-scr/Data/Mimetics2/golf driving/CjXn0c_XvDE_000044_000051,210,44,51
golf driving,B281ZM_guy4,/n/fs/visualai-scr/Data/Mimetics2/golf driving/B281ZM_guy4_000441_000446,150,441,446
golf driving,D4p5RrIMcBo,/n/fs/visualai-scr/Data/Mimetics2/golf driving/D4p5RrIMcBo_000048_000053,150,48,53
hurdling,wZXgTlk-rak,/n/fs/visualai-scr/Data/Mimetics2/hurdling/wZXgTlk-rak_000000_000010,290,0,10
hurdling,svnmmn-sYTs,/n/fs/visualai-scr/Data/Mimetics2/hurdling/svnmmn-sYTs_000000_000003,75,0,3
hurdling,3hxZTxU0Svw,/n/fs/visualai-scr/Data/Mimetics2/hurdling/3hxZTxU0Svw_000000_000002,60,0,2
hurdling,lhA3Mxwy8xg,/n/fs/visualai-scr/Data/Mimetics2/hurdling/lhA3Mxwy8xg_000054_000055,30,54,55
hurdling,QK87X-9J-ps,/n/fs/visualai-scr/Data/Mimetics2/hurdling/QK87X-9J-ps_000000_000004,106,0,4
hurdling,Wy7qUxpzmzM,/n/fs/visualai-scr/Data/Mimetics2/hurdling/Wy7qUxpzmzM_000004_000010,180,4,10
hurdling,xtIw4-LOSKw,/n/fs/visualai-scr/Data/Mimetics2/hurdling/xtIw4-LOSKw_000000_000008,192,0,8
hurdling,bawjQioW0cM,/n/fs/visualai-scr/Data/Mimetics2/hurdling/bawjQioW0cM_000122_000129,210,122,129
hurdling,ov38wjek-ok,/n/fs/visualai-scr/Data/Mimetics2/hurdling/ov38wjek-ok_000000_000010,300,0,10
hurdling,HHvryR3MtRg,/n/fs/visualai-scr/Data/Mimetics2/hurdling/HHvryR3MtRg_000000_000005,150,0,5
dunking basketball,v0fHvZxWUqk,/n/fs/visualai-scr/Data/Mimetics2/dunking basketball/v0fHvZxWUqk_000008_000010,48,8,10
dunking basketball,VcWQTlNOzoU,/n/fs/visualai-scr/Data/Mimetics2/dunking basketball/VcWQTlNOzoU_000134_000137,90,134,137
dunking basketball,ucaR1j6Ajs8,/n/fs/visualai-scr/Data/Mimetics2/dunking basketball/ucaR1j6Ajs8_000009_000011,60,9,11
dunking basketball,duC8ZXFfo9k,/n/fs/visualai-scr/Data/Mimetics2/dunking basketball/duC8ZXFfo9k_000120_000124,120,120,124
dunking basketball,ElJQ_h3Y-0U,/n/fs/visualai-scr/Data/Mimetics2/dunking basketball/ElJQ_h3Y-0U_000034_000037,90,34,37
dunking basketball,duC8ZXFfo9k,/n/fs/visualai-scr/Data/Mimetics2/dunking basketball/duC8ZXFfo9k_000071_000073,60,71,73
dunking basketball,eMXo3QIsFQo,/n/fs/visualai-scr/Data/Mimetics2/dunking basketball/eMXo3QIsFQo_000178_000180,50,178,180
dunking basketball,v0fHvZxWUqk,/n/fs/visualai-scr/Data/Mimetics2/dunking basketball/v0fHvZxWUqk_000004_000006,48,4,6
dunking basketball,v0fHvZxWUqk,/n/fs/visualai-scr/Data/Mimetics2/dunking basketball/v0fHvZxWUqk_000000_000002,48,0,2
dunking basketball,_sKrWYJPc2g,/n/fs/visualai-scr/Data/Mimetics2/dunking basketball/_sKrWYJPc2g_000028_000033,149,28,33
